Open,High,Low,Close,Volume,Date,Price,MA20,MA50,RSI,MACD,Signal_Line,BB_High,BB_Low,Lag_1,Lag_2,Lag_3,Lag_4,Lag_5,Lag_6,Lag_7,Return_1d,Return_5d,Volatility_5d,Price_Change,Volume_Change,Tomorrow
3543.0010597320415,3567.6052337579586,3517.8062894194477,3554.023681640625,2051315.0,2025-03-07,3542.7057615887034,3726.9245483398436,3903.00109375,24.997935704348052,-126.65541656425785,-110.6334571256486,4095.6397638677395,3358.2093328119477,3544.57568359375,3490.889404296875,3476.126953125,3437.744384765625,3555.35205078125,3572.0830078125,3617.404052734375,0.002665480692260358,-0.00037362520550754397,48.55918716075425,11.02262190858346,-0.2638415826518663,3532.814697265625
3549.3980060199115,3564.751106121065,3525.876512682056,3532.814697265625,1004626.0,2025-03-10,3545.3138094015603,3702.6598999023436,3893.0782763671873,20.976996870680097,-123.2618937090142,-113.15914444232173,4054.1626546290577,3351.1571451756295,3554.023681640625,3544.57568359375,3490.889404296875,3476.126953125,3437.744384765625,3555.35205078125,3572.0830078125,-0.005967597932608482,0.027654852094677107,34.26941023148305,-16.583308754286463,-0.5102526915661417,3518.692138671875
3501.666002409517,3531.929136072837,3481.6381088995104,3518.692138671875,1995450.0,2025-03-11,3506.783622486174,3680.3143920898438,3882.9551513671877,21.556968623490462,-120.32504265658372,-114.59232408517414,4017.9848592749536,3342.643924904734,3532.814697265625,3554.023681640625,3544.57568359375,3490.889404296875,3476.126953125,3437.744384765625,3555.35205078125,-0.00399753731909025,0.012245003166126978,24.692108822389066,17.026136262357795,0.9862615540509603,3450.68603515625
3508.5550985819973,3512.7378080263093,3431.642549263105,3450.68603515625,3174167.0,2025-03-12,3472.190178644707,3654.197058105469,3871.58884765625,20.23523210358904,-122.07785373462593,-116.08943001506451,3977.014995742454,3331.3791204684835,3518.692138671875,3532.814697265625,3554.023681640625,3544.57568359375,3490.889404296875,3476.126953125,3437.744384765625,-0.019327096783549158,-0.011516655065365144,41.0237805986558,-57.8690634257473,0.5907023478413391,3455.45947265625
3446.8480117071717,3468.4996849505683,3428.936220988117,3455.45947265625,1693004.0,2025-03-13,3448.7179529693426,3631.930285644531,3861.55498046875,24.349512463512255,-121.67915111788261,-117.20737423562814,3944.3989577327998,3319.4616135562624,3450.68603515625,3518.692138671875,3532.814697265625,3554.023681640625,3544.57568359375,3490.889404296875,3476.126953125,0.0013833299962289214,-0.025141573743220902,46.72584502621712,8.611460949078264,-0.4666304576917345,3442.32080078125
3433.758596103089,3474.5522694033125,3422.293146886519,3442.32080078125,2690906.0,2025-03-17,3448.4227081449158,3609.665979003906,3850.91720703125,23.960134852835495,-121.02821946097129,-117.97154328069678,3908.590862672976,3310.7410953348362,3455.45947265625,3450.68603515625,3518.692138671875,3532.814697265625,3554.023681640625,3544.57568359375,3490.889404296875,-0.003802293726483885,-0.03142997651827972,42.331258453287646,8.562204678160924,0.5894268412833048,3442.32080078125
3442.32080078125,3442.32080078125,3442.32080078125,3442.32080078125,0.0,2025-03-18,3442.32080078125,3589.370007324219,3839.055986328125,23.020794449365866,-119.138991302867,-118.20503288513083,3874.9127455333096,3303.8272691151283,3442.32080078125,3455.45947265625,3450.68603515625,3518.692138671875,3532.814697265625,3554.023681640625,3544.57568359375,0.0,-0.02561524003917237,32.24620292714395,0.0,-1.0,3441.730224609375
3490.840057701268,3490.840057701268,3407.9239948703316,3441.730224609375,3051244.0,2025-03-19,3449.3820262858,3567.829064941406,3828.64896484375,28.975283189109078,-116.34822897842969,-117.8336721037906,3827.2277588990582,3308.430370983754,3442.32080078125,3442.32080078125,3455.45947265625,3450.68603515625,3518.692138671875,3532.814697265625,3554.023681640625,-0.0001715633742621625,-0.021872306820098553,6.234523839296674,-49.10983309189305,inf,3506.734130859375
3456.394090935439,3522.2840156560787,3456.394090935439,3506.734130859375,2845192.0,2025-03-20,3489.339053295759,3551.031774902344,3819.636728515625,42.530910876777845,-107.65033174158043,-115.79700403134858,3776.823063960924,3325.2404858437635,3441.730224609375,3442.32080078125,3442.32080078125,3455.45947265625,3450.68603515625,3518.692138671875,3532.814697265625,0.018886984745406066,0.016242594988966408,28.006420509191166,50.34003992393582,-0.06753048920374771,3521.447998046875
3419.980285411375,3558.993872552197,3410.138615525299,3521.447998046875,4161925.0,2025-03-21,3484.5662440387478,3536.5104125976563,3812.207919921875,46.10696558556568,-98.43519969499994,-112.32464316407885,3726.125862592798,3346.8949626025146,3506.734130859375,3441.730224609375,3442.32080078125,3442.32080078125,3455.45947265625,3450.68603515625,3518.692138671875,0.004195889006245901,0.019096888825583358,39.76053794616302,101.46771263549999,0.46279231770650275,3571.492431640625
3543.000847877303,3591.963151261163,3510.129769454268,3571.492431640625,1834751.0,2025-03-24,3551.0464603577157,3528.8757202148436,3804.23185546875,68.17812593738967,-86.10144968869008,-107.0800044690011,3697.846181553973,3359.905258875714,3521.447998046875,3506.734130859375,3441.730224609375,3442.32080078125,3442.32080078125,3455.45947265625,3450.68603515625,0.014211322621122457,0.037524576683863664,55.42070541889995,28.49158376332207,-0.5591580818971991,3599.83642578125
3587.2882979899273,3651.2591455535335,3580.3991297907696,3599.83642578125,3135390.0,2025-03-25,3615.829137672152,3522.8895263671875,3798.1669091796875,67.28542715350618,-73.19598277579144,-100.30320013035917,3670.5559008403307,3375.2231518940443,3571.492431640625,3521.447998046875,3506.734130859375,3441.730224609375,3442.32080078125,3442.32080078125,3455.45947265625,0.007936176453719801,0.045758554799497864,61.215593650576444,12.548127791322713,0.7088912882456531,3578.23388671875
3589.994632539087,3622.2260969255326,3568.4414746014018,3578.23388671875,1734499.0,2025-03-26,3595.333785763467,3515.4984130859375,3786.7945068359377,61.975386662899844,-63.973999190605355,-93.03735994240841,3631.8184800644894,3399.1783461073856,3599.83642578125,3571.492431640625,3521.447998046875,3506.734130859375,3441.730224609375,3442.32080078125,3442.32080078125,-0.006000977963272813,0.039661348566292,39.610424649552854,-11.760745820336979,-0.4467996006876338,3593.390380859375
3557.616055783924,3605.003599121784,3553.334833368605,3593.390380859375,2528474.0,2025-03-27,3579.1692162451945,3514.2977294921875,3776.8472021484376,57.4833916574658,-54.81068489252539,-85.39202493243181,3626.6156681106377,3401.9797908737373,3578.23388671875,3599.83642578125,3571.492431640625,3521.447998046875,3506.734130859375,3441.730224609375,3442.32080078125,0.004235747192737005,0.02471138294672026,30.915873299567917,35.77432507545109,0.45775465999115594,3549.053466796875
3593.1934495717564,3602.9858624379135,3535.029088090658,3549.053466796875,2051919.0,2025-03-28,3569.007475264286,3513.1462524414064,3765.693291015625,49.31168558928342,-50.543674699385065,-78.42235488582247,3623.423483703714,3402.869021179099,3593.390380859375,3578.23388671875,3599.83642578125,3571.492431640625,3521.447998046875,3506.734130859375,3441.730224609375,-0.012338462945374884,0.007839237939992527,19.95741068624322,-44.139982774881446,-0.18847534125326182,3494.580078125
3516.13323836803,3527.2543730344664,3469.188522585517,3494.580078125,2618493.0,2025-04-01,3498.221447809992,3510.1076538085936,3754.286806640625,45.15166731575692,-50.97003475893325,-72.93189086044462,3618.826299401508,3401.389008215679,3549.053466796875,3593.390380859375,3578.23388671875,3599.83642578125,3571.492431640625,3521.447998046875,3506.734130859375,-0.01534870893929896,-0.02153507391874665,42.977780710709325,-21.553160243030106,0.2761190865721308,3487.83837890625
3487.8876353082755,3507.6694869120347,3474.1585545505054,3487.83837890625,1764313.0,2025-04-02,3490.9140207312703,3512.612353515625,3742.863583984375,46.012964011082445,-51.26102181154056,-68.59771705066382,3616.512904153487,3408.7118028777627,3494.580078125,3549.053466796875,3593.390380859375,3578.23388671875,3599.83642578125,3571.492431640625,3521.447998046875,-0.0019291872179295622,-0.031111982220329293,47.89628080808462,-0.049256402025548596,-0.3262105340743703,3349.267333984375
3435.726488241664,3446.552323638587,3342.378166004515,3349.267333984375,4537821.0,2025-04-03,3394.465244821551,3506.2693725585937,3729.5842138671874,38.91577008810048,-61.958932381435716,-67.2699601168182,3632.6135422940033,3379.925202823184,3487.83837890625,3494.580078125,3549.053466796875,3593.390380859375,3578.23388671875,3599.83642578125,3571.492431640625,-0.03972977812272638,-0.06398870503804266,92.04858487198297,-86.4591542572889,1.5720045139382863,3247.160400390625
3309.359945032038,3345.8231390019464,3243.3222453227836,3247.160400390625,5317367.0,2025-04-04,3294.572692162365,3494.0829223632813,3715.0884228515624,31.22838066832969,-77.7796839991579,-69.37190489328614,3665.6111974552173,3322.5546472713454,3349.267333984375,3487.83837890625,3494.580078125,3549.053466796875,3593.390380859375,3578.23388671875,3599.83642578125,-0.03048634922560245,-0.0963518971701448,124.0362749836594,-62.19954464141301,0.171788618369918,3240.8125
3249.768515327564,3295.9751054332087,3203.758710556288,3240.8125,5557558.0,2025-04-08,3249.8669079947485,3478.8947631835936,3698.0889111328124,31.61533643450082,-89.79486681914204,-73.45649727845732,3682.409688441575,3275.3798379256123,3247.160400390625,3349.267333984375,3487.83837890625,3494.580078125,3549.053466796875,3593.390380859375,3578.23388671875,-0.0019549081683373215,-0.08685159851228486,123.92616878206636,-8.956015327563819,0.045171040479244695,3195.196533203125
3208.9256141746023,3218.225943847207,3161.193516842312,3195.196533203125,2990265.0,2025-04-09,3189.7097303447595,3460.953405761719,3680.3965478515624,29.18601786732873,-101.8240488092606,-79.13000758461799,3697.2135335851153,3224.6932779383224,3240.8125,3247.160400390625,3349.267333984375,3487.83837890625,3494.580078125,3549.053466796875,3593.390380859375,-0.014075472369004638,-0.08567082116558844,117.16149172278841,-13.729080971477288,-0.4619462360986606,3196.77099609375
3261.9227992555975,3261.9227992555975,3187.323137665445,3196.77099609375,3512160.0,2025-04-15,3224.6229684605214,3444.151220703125,3662.5998486328126,29.40250507160603,-109.96263539361416,-85.29653314641722,3705.3716599382287,3182.9307814680215,3195.196533203125,3240.8125,3247.160400390625,3349.267333984375,3487.83837890625,3494.580078125,3549.053466796875,0.0004927593261521146,-0.08345208441217267,62.64335657126754,-65.15180316184751,0.17453135424452348,3221.965576171875
3196.770807962191,3226.1975418061343,3177.8748519424867,3221.965576171875,2384391.0,2025-04-16,3202.0361968743105,3429.314892578125,3647.0234375,24.337047206674413,-113.07606139627887,-90.85243879638955,3705.95995852739,3152.6698266288604,3196.77099609375,3195.196533203125,3240.8125,3247.160400390625,3349.267333984375,3487.83837890625,3494.580078125,0.007881258966911053,-0.0380088374913502,24.128732930209924,25.194768209683843,-0.32110410687440205,3246.66845703125
3194.114034744952,3251.2942342038577,3167.0494419378383,3246.66845703125,2932346.0,2025-04-17,3209.171838070848,3419.114013671875,3632.4302099609376,25.67518559742379,-112.25613900620829,-95.1331788383533,3707.2481839962797,3130.9798433474703,3221.965576171875,3196.77099609375,3195.196533203125,3240.8125,3247.160400390625,3349.267333984375,3487.83837890625,0.007667021970087395,-0.00015149955614013333,23.99285789268634,52.55442228629818,0.2298092049500271,3269.0087890625
3238.0075324909676,3300.895699711744,3232.102531239247,3269.0087890625,2432946.0,2025-04-21,3266.4991154754953,3409.7914794921876,3617.1126416015627,21.841509927959066,-108.55234268093955,-97.81701160687055,3704.953725227665,3114.62923375671,3246.66845703125,3221.965576171875,3196.77099609375,3195.196533203125,3240.8125,3247.160400390625,3349.267333984375,0.00688100196460395,0.00870037654523359,32.00146676004472,31.001256571532394,-0.17030732389697534,3261.9228515625
3269.9932127938664,3281.1141071380534,3242.8301087922596,3261.9228515625,2710498.0,2025-04-22,3261.9721079651563,3400.77158203125,3601.6484326171876,17.24698356686416,-104.9787041904192,-99.24935012358029,3702.696414813156,3098.846749249344,3269.0087890625,3246.66845703125,3221.965576171875,3196.77099609375,3195.196533203125,3240.8125,3247.160400390625,-0.00216761041564284,0.02088332209489563,29.824037313752562,-8.070361231366405,0.11408062488850956,3358.961669921875
3311.7216581561997,3366.736492414926,3284.460282754783,3358.961669921875,3543923.0,2025-04-23,3325.598387584854,3396.603625488281,3587.8819091796877,31.458066412790217,-93.2415181057545,-98.04778372001513,3698.4148826555765,3094.7923683209856,3261.9228515625,3269.0087890625,3246.66845703125,3221.965576171875,3196.77099609375,3195.196533203125,3240.8125,0.02974896181646125,0.05073578120744693,52.003666199627496,47.24001176567526,0.30748039659132753,3347.742431640625
3347.2503481599792,3358.469755408652,3334.062366713585,3347.742431640625,2252175.0,2025-04-24,3346.2660610611183,3391.9042358398438,3574.6635693359376,29.088455914200168,-83.87811761051034,-95.21385049811418,3693.683865120241,3090.1246065594464,3358.961669921875,3261.9228515625,3269.0087890625,3246.66845703125,3221.965576171875,3196.77099609375,3195.196533203125,-0.003340091189998895,0.03903730579834108,52.34769462553873,0.4920834806457606,-0.3644966326864325,3393.407470703125
3365.85079750716,3422.735692373855,3351.0882940093215,3393.407470703125,2742991.0,2025-04-25,3386.9119931915884,3386.237902832031,3562.4471044921875,36.78004467436897,-71.94344894844699,-90.55977018818075,3683.1558235869147,3089.3199820771474,3347.742431640625,3358.961669921875,3261.9228515625,3269.0087890625,3246.66845703125,3221.965576171875,3196.77099609375,0.013640547322549157,0.04519679653587194,58.001365375427945,27.556673195964777,0.2179297789914194,3388.978759765625
3380.613341017837,3403.052394655164,3351.088333672703,3388.978759765625,1593296.0,2025-04-28,3377.0703641639334,3379.6144409179688,3549.38623046875,40.19729467696895,-62.126344186021925,-84.87308498774898,3669.66326907766,3089.5656127582774,3393.407470703125,3347.742431640625,3358.961669921875,3261.9228515625,3269.0087890625,3246.66845703125,3221.965576171875,-0.001305092587829515,0.03669918878912859,53.02437915024881,8.365418747788226,-0.41913918055144916,3417.51953125
3400.296610646148,3439.663286312095,3376.086009001543,3417.51953125,1578332.0,2025-04-29,3407.874647656819,3371.9157958984374,3537.2101123046873,43.72637802478903,-51.45013111487242,-78.18849421317367,3648.376046301515,3095.4555454953597,3388.978759765625,3393.407470703125,3347.742431640625,3358.961669921875,3261.9228515625,3269.0087890625,3246.66845703125,0.008421643659504374,0.04770090733843291,28.029081385322993,17.22292060385189,-0.009391851859290479,3399.017333984375
3417.027637154589,3454.32746830495,3312.7059408589703,3399.017333984375,2809332.0,2025-04-30,3383.51670458196,3361.8748413085937,3524.8283056640626,55.648739001957054,-43.975209190119585,-71.34583720856286,3617.2647587662427,3106.4849238509446,3417.51953125,3388.978759765625,3393.407470703125,3347.742431640625,3358.961669921875,3261.9228515625,3269.0087890625,-0.00541392583025202,0.011925013738972368,25.66500069492823,-18.010303170213774,0.7799373008974031,3376.6767578125
3417.027602193238,3436.2188574474917,3365.8509215152285,3376.6767578125,1721761.0,2025-05-02,3401.03488948136,3351.796984863281,3513.049794921875,67.9585811035425,-39.3998011181684,-64.95662999048396,3586.2911296004672,3117.302840126095,3399.017333984375,3417.51953125,3388.978759765625,3393.407470703125,3347.742431640625,3358.961669921875,3261.9228515625,-0.006572657323193787,0.008642936773870957,14.9810629045218,-40.35084438073818,-0.3871279720588382,3399.60791015625
3395.375944257656,3449.0130425075236,3391.832847162291,3399.60791015625,1284443.0,2025-05-05,3420.422944834907,3342.107861328125,3501.581298828125,71.05031159947492,-33.53681339770037,-58.672666671927246,3548.95465278294,3135.2610698733106,3376.6767578125,3399.017333984375,3417.51953125,3388.978759765625,3393.407470703125,3347.742431640625,3358.961669921875,0.006791041603462666,0.001827201568528558,15.060285832276705,4.231965898593899,-0.25399460203826196,3405.217529296875
3405.217529296875,3418.011699204638,3382.5816902292945,3405.217529296875,1324763.0,2025-05-06,3400.296694716966,3334.916064453125,3491.6697509765627,81.14427550891847,-28.113627606654973,-52.56085885887279,3520.3620330996587,3149.470095806591,3399.60791015625,3376.6767578125,3399.017333984375,3417.51953125,3388.978759765625,3393.407470703125,3347.742431640625,0.001650078270457822,0.004791640987556134,14.819586069525728,0.0,0.031391038761548806,3390.553466796875
3366.4413778642383,3404.7253739778457,3366.4413778642383,3390.553466796875,1477128.0,2025-05-07,3385.583375921042,3329.714733886719,3481.728681640625,77.66235142167493,-24.7140924130249,-46.991505569703214,3501.6482161891063,3157.7812515843316,3405.217529296875,3399.60791015625,3376.6767578125,3399.017333984375,3417.51953125,3388.978759765625,3393.407470703125,-0.004306351172527867,-0.007890537042011259,11.115285716108476,24.112088932636652,0.11501302497125909,3394.293212890625
3393.4075587678194,3421.9483996043236,3374.4130890526376,3394.293212890625,2543591.0,2025-05-08,3398.1807443284806,3325.0374755859375,3472.6497412109375,76.20481704066374,-21.47066951124316,-41.887338358011206,3483.4141678044853,3166.6607833673897,3390.553466796875,3405.217529296875,3399.60791015625,3376.6767578125,3399.017333984375,3417.51953125,3388.978759765625,0.0011029898600252164,-0.0013898490738828428,10.801328214071637,0.8856541228055903,0.721984147616185,3385.82958984375
3345.1834469493565,3391.636078710749,3344.297792808673,3385.82958984375,2531757.0,2025-05-09,3367.9669357597113,3326.865588378906,3462.9153515625,72.26080735085753,-19.360007030552424,-37.38187209251945,3487.251205414305,3166.4799713435073,3394.293212890625,3390.553466796875,3405.217529296875,3399.60791015625,3376.6767578125,3399.017333984375,3417.51953125,-0.002493486129817035,0.002710603557202651,7.58201863849442,40.646142894393506,-0.004652477540610933,3563.077880859375
3449.505112495261,3573.018063028258,3446.7493970179844,3563.077880859375,2228678.0,2025-05-12,3509.883730023121,3342.6614624023437,3457.323310546875,81.45273447883814,-3.3462624187300207,-30.574750157761567,3529.963628419277,3155.3592963854103,3385.82958984375,3394.293212890625,3390.553466796875,3405.217529296875,3399.60791015625,3376.6767578125,3399.017333984375,0.052350033075292624,0.048084948330294974,75.96314438459792,113.57276836411393,-0.11971093592315529,3459.346923828125
3563.0780270840673,3565.6369573340817,3454.918172432044,3459.346923828125,3062887.0,2025-05-13,3510.277564883063,3353.58818359375,3450.272744140625,67.4983240624812,0.9634185529257593,-24.267116415624102,3541.3699172888673,3165.8064498986323,3563.077880859375,3385.82958984375,3394.293212890625,3390.553466796875,3405.217529296875,3399.60791015625,3376.6767578125,-0.029112739182178937,0.01589601664667417,75.79817371352787,-103.73110325594234,0.37430665174601274,3492.51318359375
3465.251807319678,3504.618485051228,3453.0482333329505,3492.51318359375,2119499.0,2025-05-14,3478.833359192089,3368.4540161132813,3445.6392822265625,63.34847061407254,6.974711619680875,-18.01875080856311,3550.4238134058933,3186.4842188206694,3459.346923828125,3563.077880859375,3385.82958984375,3394.293212890625,3390.553466796875,3405.217529296875,3399.60791015625,0.009587433841102833,0.03007170298163686,73.30814347030537,27.261376274072063,-0.3080061393058249,3523.218994140625
3507.57083651873,3543.000844968414,3458.461004249911,3523.218994140625,3548330.0,2025-05-15,3500.7309246091627,3384.776416015625,3441.7124560546877,66.88129039167772,14.054396640169216,-11.604121318816643,3560.356961719676,3209.195870311574,3492.51318359375,3459.346923828125,3563.077880859375,3385.82958984375,3394.293212890625,3390.553466796875,3405.217529296875,0.008791895386713877,0.037983100800005776,67.27915739813034,15.648157621894825,0.6741361991678223,3504.91357421875
3536.997270491984,3536.997270491984,3489.954285627693,3504.91357421875,1666727.0,2025-05-16,3513.4757780598384,3398.9238159179686,3437.2896044921877,61.323240001249516,17.980732925813754,-5.687150469890564,3564.585549181099,3233.262082654838,3523.218994140625,3492.51318359375,3459.346923828125,3563.077880859375,3385.82958984375,3394.293212890625,3390.553466796875,-0.005195652030804299,0.03517128704061423,38.33990873256458,-32.08369627323418,-0.5302784690262743,3463.086669921875
3493.7926303362833,3493.7926303362833,3448.225653046167,3463.086669921875,2537377.0,2025-05-19,3471.009141691225,3409.7447265625,3434.2032568359373,56.994276392191566,17.515394539877434,-1.046641467936964,3561.194862356744,3258.294590768256,3504.91357421875,3523.218994140625,3492.51318359375,3459.346923828125,3563.077880859375,3385.82958984375,3394.293212890625,-0.011933790494733754,-0.028063156147848045,27.324859025173478,-30.70596041440831,0.5223710901665359,3442.9111328125
3475.8807241395375,3501.665849002972,3438.679167064751,3442.9111328125,2038374.0,2025-05-20,3470.1725080338615,3418.43984375,3431.6198193359373,52.43489710146013,15.341762991859014,2.2310394240222315,3555.116748505165,3281.7629389948347,3463.086669921875,3504.91357421875,3523.218994140625,3492.51318359375,3459.346923828125,3563.077880859375,3385.82958984375,-0.005825882812753869,-0.004751125393759881,32.2676943739318,-32.969591327037506,-0.19666096129979893,3469.975830078125
3452.457610566972,3480.998451703358,3442.911239345345,3469.975830078125,1440153.0,2025-05-21,3461.9548455243516,3428.842492675781,3429.912294921875,56.69454312943622,15.622947595178175,4.909421058253421,3545.575949156169,3312.1090361953934,3442.9111328125,3463.086669921875,3504.91357421875,3523.218994140625,3492.51318359375,3459.346923828125,3563.077880859375,0.007860992114401721,-0.006453047513605759,32.58574935256972,17.518219511152893,-0.2934795086672024,3421.9482421875
3439.6632460297133,3442.4189613490807,3396.6552014233635,3421.9482421875,2034383.0,2025-05-22,3419.537081386222,3431.9918212890625,3429.5963720703126,54.0736701784109,11.833949061259318,6.294326658854601,3544.0938990486434,3319.8897435294816,3469.975830078125,3442.9111328125,3463.086669921875,3504.91357421875,3523.218994140625,3492.51318359375,3459.346923828125,-0.013840899834032472,-0.02874381414313043,31.08308046983176,-17.715003842213264,0.4126158817847825,3458.953125
3421.94835299902,3479.0300338946035,3410.728946312352,3458.953125,1274331.0,2025-05-23,3444.879490103478,3437.552355957031,3429.2528955078124,55.20815656994174,11.68245711162217,7.371952749408115,3542.8871320971843,3332.217579816878,3421.9482421875,3469.975830078125,3442.9111328125,3463.086669921875,3504.91357421875,3523.218994140625,3492.51318359375,0.01081398086513552,-0.013113147655572255,19.223378953718303,37.00477200098021,-0.3736032005772758,3481.293701171875
3465.2517322885897,3488.871738416089,3454.524408949068,3481.293701171875,967470.0,2025-05-26,3471.6980736825785,3441.946667480469,3429.0609814453123,56.48600133713103,13.212787647849382,8.54011972909637,3546.8592190030836,3337.0341159578543,3458.953125,3421.9482421875,3469.975830078125,3442.9111328125,3463.086669921875,3504.91357421875,3523.218994140625,0.006458768119870006,0.005257457576252511,23.290660486868724,16.041968883285335,-0.24080164415681637,3443.304931640625
3476.0777398133723,3483.951075577389,3427.952071065876,3443.304931640625,2467680.0,2025-05-27,3455.9515733216326,3444.662976074219,3427.03556640625,54.32538627599196,11.230748331599443,9.078245449596984,3546.5713306250664,3342.7546215233715,3481.293701171875,3458.953125,3421.9482421875,3469.975830078125,3442.9111328125,3463.086669921875,3504.91357421875,-0.010912256417337618,0.00011437960868976305,23.24010241309375,-32.77280817274732,1.5506527334180906,3442.32080078125
3464.2677725087055,3473.1252753361427,3437.6952640263944,3442.32080078125,1222933.0,2025-05-28,3455.410269681269,3445.903039550781,3424.8015087890626,53.95592599608512,9.47137662402747,9.156871684483082,3547.0212085612593,3344.784870540303,3443.304931640625,3481.293701171875,3458.953125,3421.9482421875,3469.975830078125,3442.9111328125,3463.086669921875,-0.0002858099642386591,-0.007969804589749052,22.07487007777382,-21.946971727455548,-0.5044199409972119,3442.71435546875
3449.2097128936152,3476.5696009789913,3431.297923230928,3442.71435546875,3188072.0,2025-05-29,3453.93376210496,3448.087890625,3422.999501953125,54.74860130254337,8.016410256995187,8.928779398985503,3546.800259955543,3349.375521294457,3442.32080078125,3443.304931640625,3481.293701171875,3458.953125,3421.9482421875,3469.975830078125,3442.9111328125,0.00011432830066593347,0.006068505953782388,16.935422659625274,-6.495357424865233,1.6069065108227516,3408.563720703125
3434.7426576999464,3451.1781977204464,3398.4269933317396,3408.563720703125,3404365.0,2025-05-30,3424.802595526093,3449.682238769531,3420.79693359375,33.05266743286565,4.060857079218749,7.955194935032153,3544.491074164889,3354.873403374173,3442.71435546875,3442.32080078125,3443.304931640625,3481.293701171875,3458.953125,3421.9482421875,3469.975830078125,-0.00991968291280887,-0.014567819359181056,25.74323190275192,-26.17893699682145,0.06784445269742956,3395.17919921875
3395.375984554132,3405.217654074579,3364.4732383699834,3395.17919921875,1877585.0,2025-06-02,3384.845446222281,3449.460803222656,3419.686796875,41.22238868476262,-0.15221173493455353,6.333713601038812,3544.781381205354,3354.140225239958,3408.563720703125,3442.71435546875,3442.32080078125,3443.304931640625,3481.293701171875,3458.953125,3421.9482421875,-0.003926733539725058,-0.024736350720462652,22.903475108433167,-0.1967853353821738,-0.44847717562599776,3351.28515625
3391.439214740725,3418.503805107925,3346.6596197695403,3351.28515625,2848125.0,2025-06-03,3382.5817124387327,3446.7641845703124,3417.603310546875,31.232009696919363,-6.952833615496729,3.676404157731704,3550.0717123092195,3343.4566568314053,3395.17919921875,3408.563720703125,3442.71435546875,3442.32080078125,3443.304931640625,3481.293701171875,3458.953125,-0.012928343510955287,-0.026724259749711043,37.9613858331718,-40.15405849072522,0.5169086885547125,3356.94482421875
3364.9875293233777,3370.746482399833,3346.1221522041255,3356.94482421875,2544807.0,2025-06-04,3358.4343173019793,3445.0837524414064,3415.895791015625,26.32777182644095,-11.750238115689626,0.5910757030474381,3553.221589214476,3336.945915668337,3351.28515625,3395.17919921875,3408.563720703125,3442.71435546875,3442.32080078125,3443.304931640625,3481.293701171875,0.0016888052507841866,-0.02480186522508987,37.87257847834939,-8.042705104627657,-0.10649743252139565,3347.214111328125
3384.8454732776427,3384.8454732776427,3339.8663987058812,3347.214111328125,3584683.0,2025-06-05,3362.3559359917617,3442.7297973632812,3413.9936572265624,26.98666165026718,-16.15122172260635,-2.7573837820833202,3557.3766018294027,3328.08299289716,3356.94482421875,3351.28515625,3395.17919921875,3408.563720703125,3442.71435546875,3442.32080078125,3443.304931640625,-0.002898681211684684,-0.027739810591291936,28.03636970408015,-37.63136194951767,0.40862666599078046,3360.221435546875
3347.2144001409188,3366.873914676264,3334.902114040244,3360.221435546875,2070390.0,2025-06-06,3350.888014358254,3441.4493896484373,3412.3634814453126,33.61009279948216,-18.37760499008982,-5.881428023684621,3559.2991456524082,3323.5996336444664,3347.214111328125,3356.94482421875,3351.28515625,3395.17919921875,3408.563720703125,3442.71435546875,3442.32080078125,0.0038860149922075315,-0.014182596869944386,19.123709252533576,13.00703540595623,-0.4224342849841952,3397.654296875
3375.9095645850753,3409.668660230926,3366.873944962607,3397.654296875,1718678.0,2025-06-09,3388.2713025967664,3433.1782104492186,3410.181884765625,43.16494080549366,-16.926393769036167,-8.090421172754931,3537.5328243721833,3328.823596526254,3360.221435546875,3347.214111328125,3356.94482421875,3351.28515625,3395.17919921875,3408.563720703125,3442.71435546875,0.011139998373956184,0.0007290035403195727,20.193892103673885,21.74473228992474,-0.16987717289979187,3438.36376953125
3415.626122829056,3461.101658644227,3398.94510956099,3438.36376953125,2419874.0,2025-06-10,3430.0233841026084,3432.129052734375,3408.5202001953126,45.414670871794364,-12.349032244133014,-8.942143387030548,3535.7955521175063,3328.4625533512435,3397.654296875,3360.221435546875,3347.214111328125,3356.94482421875,3351.28515625,3395.17919921875,3408.563720703125,0.011981640596482324,0.025983647830997603,37.80085739667367,22.73764670219407,0.40798567270890773,3447.300048828125
3445.4136080819626,3464.278985186734,3424.6617902310286,3447.300048828125,2847013.0,2025-06-11,3444.4703877088814,3429.8683959960936,3406.0363525390626,54.14763753895363,-7.90918504003821,-8.735551717632081,3529.8986379318976,3329.8381540602895,3438.36376953125,3397.654296875,3360.221435546875,3347.214111328125,3356.94482421875,3351.28515625,3395.17919921875,0.0025989918158348946,0.0269159099540468,44.90590449733214,1.8864407461624069,0.17651290934982566,3409.866943359375
3447.299771702225,3450.079980797376,3398.944883808313,3409.866943359375,4060134.0,2025-06-12,3424.5124323028444,3424.200793457031,3402.236962890625,41.98057855887578,-7.326655786017,-8.453772531309065,3514.314200072269,3334.087386841793,3447.300048828125,3438.36376953125,3397.654296875,3360.221435546875,3347.214111328125,3356.94482421875,3351.28515625,-0.010858673436759614,0.018717903888852305,34.726847657362256,-37.432828342849916,0.4261030771548988,3421.28564453125
3369.157630228437,3426.0516828925206,3369.157630228437,3421.28564453125,2178493.0,2025-06-13,3397.604656560479,3420.019396972656,3399.097998046875,39.83340875079726,-5.87587002871669,-7.93819203079059,3501.733001238241,3338.3057927070713,3409.866943359375,3447.300048828125,3438.36376953125,3397.654296875,3360.221435546875,3347.214111328125,3356.94482421875,0.0033487233846800635,0.01817267407986667,20.27500070605455,52.12801430281297,-0.4634430784796758,3471.527099609375
3415.625963412075,3484.1370655851665,3401.9236944953027,3471.527099609375,1934088.0,2025-06-16,3443.0303800402344,3420.4414184570314,3396.660732421875,54.59081471691339,-0.6643876766943322,-6.483431159971339,3503.172407647183,3337.71042926688,3421.28564453125,3409.866943359375,3447.300048828125,3438.36376953125,3397.654296875,3360.221435546875,3347.214111328125,0.014684963577488386,0.021742295207113793,23.879800066202172,55.90113619729982,-0.11218994047720143,3490.392578125
3485.13008250971,3495.0592280439255,3463.38535075409,3490.392578125,2111940.0,2025-06-17,3479.2222893990074,3422.8154907226562,3395.4875146484374,57.389795955131746,4.93119236874827,-4.200506454227417,3510.8185181969407,3334.812463248372,3471.527099609375,3421.28564453125,3409.866943359375,3447.300048828125,3438.36376953125,3397.654296875,3360.221435546875,0.005434345743044355,0.015131851101619409,33.61139725232426,5.262495615289936,0.09195651904153279,3426.945068359375
3494.16557511537,3512.9315625297536,3418.704071793645,3426.945068359375,2696327.0,2025-06-18,3465.817817161699,3420.663952636719,3394.134814453125,47.969506923814464,4.197658094059989,-2.520873544569936,3505.8719390336814,3335.4559662397564,3490.392578125,3471.527099609375,3421.28564453125,3409.866943359375,3447.300048828125,3438.36376953125,3397.654296875,-0.0181777574715416,-0.005904615258445323,34.93526388605996,-67.22050675599485,0.2767062511245584,3399.739501953125
3425.5552808815073,3426.548195455676,3388.817441637271,3399.739501953125,2672768.0,2025-06-19,3407.6828185464733,3419.553515625,3392.3728369140626,48.84307953892187,1.4048705804116253,-1.735724719573624,3505.268375016367,3333.8386562336327,3426.945068359375,3490.392578125,3471.527099609375,3421.28564453125,3409.866943359375,3447.300048828125,3438.36376953125,-0.007938722641759322,-0.0029700400556604833,37.60111031790465,-25.815778928382315,-0.008737441712373895,3411.3564453125
3400.7323081895083,3421.8814364277036,3386.732116175425,3411.3564453125,2351248.0,2025-06-20,3404.3067763015642,3417.173681640625,3393.614619140625,52.130832922786816,0.12748700630208987,-1.3630823743984815,3500.9025886393815,3333.4447746418687,3399.739501953125,3426.945068359375,3490.392578125,3471.527099609375,3421.28564453125,3409.866943359375,3447.300048828125,0.00341700984816673,-0.0029021836380780375,39.19554119769551,10.62413712299167,-0.12029476557636132,3369.554931640625
3390.8032061585363,3400.732351710977,3346.122051172553,3369.554931640625,3123421.0,2025-06-23,3373.4272014417647,3411.5867431640627,3396.062509765625,52.41979554630604,-4.209358616825739,-1.932337622883933,3492.1530384353778,3331.0204478927476,3411.3564453125,3399.739501953125,3426.945068359375,3490.392578125,3471.527099609375,3421.28564453125,3409.866943359375,-0.012253634101858202,-0.029373864885059997,44.81195031491352,-21.24827451791134,0.32840984872714407,3366.37744140625
3410.264459071302,3417.711318302596,3358.0370560315137,3366.37744140625,3403048.0,2025-06-24,3387.8741871670545,3407.740368652344,3398.57380859375,51.25760041663954,-7.812677244903625,-3.1084055472878718,3489.270283385389,3326.2104539192987,3369.554931640625,3411.3564453125,3399.739501953125,3426.945068359375,3490.392578125,3471.527099609375,3421.28564453125,-0.0009429999803647338,-0.035530426432825335,26.348506374232077,-43.8870176650521,0.08952587563444059,3420.39208984375
3383.157794223958,3425.555197020872,3375.909469527816,3420.39208984375,1757699.0,2025-06-25,3400.732333274344,3406.643933105469,3403.0777197265625,58.726034025293934,-6.237895927216414,-3.7343036232735805,3486.7938841216514,3326.4939820892864,3366.37744140625,3369.554931640625,3411.3564453125,3399.739501953125,3426.945068359375,3490.392578125,3471.527099609375,0.01604533341185177,-0.001912192458562556,24.443643020648686,37.23429561979219,-0.483492739450046,3417.413330078125
3420.392073713661,3426.945164265374,3391.10109463089,3417.413330078125,2879106.0,2025-06-26,3409.023129448132,3405.3788818359376,3407.49056640625,56.98689461408605,-5.170627629110186,-4.021568424440901,3483.914112984507,3326.843650687368,3420.39208984375,3366.37744140625,3369.554931640625,3411.3564453125,3399.739501953125,3426.945068359375,3490.392578125,-0.0008708825442761414,0.005198583042861582,26.744029848057245,-2.9787436355359205,0.6379971769910548,3416.718505859375
3430.5199217495656,3441.8390511551324,3406.689971497181,3416.718505859375,1778433.0,2025-06-27,3424.264511326157,3405.78662109375,3411.385625,52.55866746268344,-4.330951804692177,-4.083445100491157,3484.4759982585065,3327.0972439289935,3417.413330078125,3420.39208984375,3366.37744140625,3369.554931640625,3411.3564453125,3399.739501953125,3426.945068359375,-0.00020331875358314822,0.0015718265249715646,27.557812041964045,-13.801415890190583,-0.38229679629718394,3437.47021484375
3415.526706051579,3440.3495701102424,3405.6969488486607,3437.47021484375,1468351.0,2025-06-30,3423.0232594794516,3407.901171875,3415.20166015625,49.873284844590444,-1.968323569660697,-3.660420794325065,3487.65604908893,3328.1462946610695,3416.718505859375,3417.413330078125,3420.39208984375,3366.37744140625,3369.554931640625,3411.3564453125,3399.739501953125,0.006073578771206289,0.020155564927994085,26.70025730136347,21.943508792171087,-0.17435686359846003,3405.399169921875
3430.5199578930915,3460.307396022409,3389.314001814202,3405.399169921875,2375183.0,2025-07-01,3424.8106989183057,3410.6068725585938,3417.9294677734374,44.42390366381103,-2.653204478207954,-3.458977531101643,3485.8167019161037,3335.3970432010838,3437.47021484375,3416.718505859375,3417.413330078125,3420.39208984375,3366.37744140625,3369.554931640625,3411.3564453125,-0.009329839363664938,0.011591608247981888,11.561211865558931,-25.120787971216487,0.617585304876014,3399.04443359375
3462.4915764882385,3465.172397295891,3395.767767090718,3399.04443359375,3090585.0,2025-07-02,3430.4700821933047,3412.7118530273438,3420.6718994140624,48.42988367488473,-3.6664866694477496,-3.5004793587708645,3483.84392923143,3341.5797768232574,3405.399169921875,3437.47021484375,3416.718505859375,3417.413330078125,3420.39208984375,3366.37744140625,3369.554931640625,-0.0018660767830840364,-0.006241289211663226,14.664799167825178,-63.44714289448848,0.3011986865854126,3376.703857421875
3405.6969138623963,3410.959409470928,3373.5265793371623,3376.703857421875,2531870.0,2025-07-03,3392.242994404045,3414.1863403320312,3421.0267431640623,43.73080432825706,-6.2007396287799565,-4.040531412772683,3480.672678592864,3347.7000020711985,3399.04443359375,3405.399169921875,3437.47021484375,3416.718505859375,3417.413330078125,3420.39208984375,3366.37744140625,-0.006572604921276315,-0.011912364330632252,22.397380952029298,-28.993056440521286,-0.18077969057637955,3395.5693359375
3383.852895387978,3402.718272445599,3366.0798213348503,3395.5693359375,1109320.0,2025-07-04,3384.399046890225,3415.9537353515625,3421.98328125,38.284858348012264,-6.610663295058657,-4.554557789229878,3478.140154217302,3353.767316485823,3376.703857421875,3399.04443359375,3405.399169921875,3437.47021484375,3416.718505859375,3417.413330078125,3420.39208984375,0.005586950858648576,-0.00618990703670963,22.11429360273764,11.716440549521849,-0.5618574413378254,3387.526611328125
3394.079944495724,3401.824726672673,3384.249944744325,3387.526611328125,1639174.0,2025-07-07,3393.037335708499,3415.4473510742187,3421.8656640625,33.5867996014139,-7.498078235539651,-5.143261878491833,3478.4211454816827,3352.4735566667546,3395.5693359375,3376.703857421875,3399.04443359375,3405.399169921875,3437.47021484375,3416.718505859375,3417.413330078125,-0.002368593839110811,-0.014529174187446814,11.093735164847855,-6.553333167598794,0.477638553347997,3382.0654296875
3380.873980731512,3400.732271367233,3369.3560751984837,3382.0654296875,2325242.0,2025-07-08,3385.0441732828585,3412.632434082031,3421.7273974609375,41.21306852130685,-8.54354798376653,-5.823319099546772,3476.322116799279,3348.9427513647834,3387.526611328125,3395.5693359375,3376.703857421875,3399.04443359375,3405.399169921875,3437.47021484375,3416.718505859375,-0.001612144277291394,-0.006851983885022839,9.248715039842637,1.1914489559881076,0.4185449500785152,3359.82421875
3385.838530827281,3389.810188927958,3343.1432062450012,3359.82421875,2034938.0,2025-07-09,3366.4766975864795,3408.258642578125,3420.5734912109374,42.030104583154184,-11.039513496807558,-6.866557978998929,3473.908507377666,3342.608777778584,3382.0654296875,3387.526611328125,3395.5693359375,3376.703857421875,3399.04443359375,3405.399169921875,3437.47021484375,-0.0065762213652842405,-0.01153860021838049,13.422704216962957,-26.01431207728092,-0.1248489404543699,3358.036865234375
3356.051036218861,3374.916411866245,3332.2210880326916,3358.036865234375,3035012.0,2025-07-10,3353.5687499494684,3405.667138671875,3419.7538818359376,38.91868414670158,-13.01181651827892,-8.095609686854928,3475.0362808972955,3336.2979964464544,3359.82421875,3382.0654296875,3387.526611328125,3395.5693359375,3376.703857421875,3399.04443359375,3405.399169921875,-0.0005319782819739327,-0.0055281697701948795,16.845727727457707,1.9858290155139002,0.49145182801638176,3199.865478515625
3242.8587244157825,3248.8162113559215,3177.326368074251,3199.865478515625,3924009.0,2025-07-14,3213.071289715086,3394.5961303710938,3416.21765625,26.2308492011381,-27.026445842941484,-11.881776918072239,3509.319056170651,3279.8732045715365,3358.036865234375,3359.82421875,3382.0654296875,3387.526611328125,3395.5693359375,3376.703857421875,3399.04443359375,-0.04710233778440376,-0.05763506442074817,78.02584165511378,-42.99324590015749,0.2929138336191093,3229.256103515625
3183.2841104563845,3236.3056515140206,3183.2841104563845,3229.256103515625,2590889.0,2025-07-15,3209.7948809852023,3382.4825805664063,3412.8106201171877,32.10680945988051,-35.354023566333126,-16.576226247724417,3513.0687890501545,3251.896372082658,3199.865478515625,3358.036865234375,3359.82421875,3382.0654296875,3387.526611328125,3395.5693359375,3376.703857421875,0.009184956429366453,-0.04672155409295753,84.47605065190969,45.9719930592405,-0.33973418511527365,3221.08642578125
3215.0089950915135,3232.842384321887,3208.632873739526,3221.08642578125,2540733.0,2025-07-16,3220.7376290307066,3369.0172729492188,3409.127998046875,20.457591838270844,-42.12729637610482,-21.6864402734005,3508.0200830617396,3230.014462836698,3229.256103515625,3199.865478515625,3358.036865234375,3359.82421875,3382.0654296875,3387.526611328125,3395.5693359375,-0.002529894648331199,-0.04759783843718368,78.62098232357485,6.077430689736502,-0.019358606254455513,3197.275146484375
3212.1199267281463,3229.9533162828457,3192.194243099011,3197.275146484375,2947640.0,2025-07-17,3211.0737796909284,3357.5337768554687,3405.262431640625,19.267647263322786,-48.853383719396334,-27.11982896259967,3513.320929668108,3201.7466240428294,3221.08642578125,3229.256103515625,3199.865478515625,3358.036865234375,3359.82421875,3382.0654296875,3387.526611328125,-0.007392313073717016,-0.0483802311318835,66.77565977835678,-14.84478024377131,0.160153388805514,3178.046875
3213.0165477432356,3216.802476353157,3175.157748110912,3178.046875,3432645.0,2025-07-18,3195.9801122320346,3346.4491455078123,3400.9375048828124,18.31965680457266,-55.10025575953887,-32.71591432198751,3520.114049289636,3172.7842417259885,3197.275146484375,3221.08642578125,3229.256103515625,3199.865478515625,3358.036865234375,3359.82421875,3382.0654296875,-0.00601395582282549,-0.05359976601144689,20.36899043854564,-34.969672743235606,0.16454010666160057,3146.464599609375
3178.1464846864797,3185.718341629892,3140.287686436296,3146.464599609375,3844346.0,2025-07-21,3163.003014033094,3333.204553222656,3396.150205078125,12.452615271601047,-61.88598937474808,-38.54992933253963,3525.4380164690742,3140.971089976238,3178.046875,3197.275146484375,3221.08642578125,3229.256103515625,3199.865478515625,3358.036865234375,3359.82421875,-0.009937636741316203,-0.016688476207762926,33.54326949064148,-31.681885077104653,0.11993695823483064,3147.859619140625
3147.859619140625,3168.283445003984,3142.8781981983425,3147.859619140625,3198036.0,2025-07-22,3155.5808216011633,3322.1197875976563,3387.84583984375,13.914043557029714,-66.38591028588371,-44.11712552320844,3530.4232352079816,3113.816339987331,3146.464599609375,3178.046875,3197.275146484375,3221.08642578125,3229.256103515625,3199.865478515625,3358.036865234375,0.00044336094911834323,-0.02520595510724133,32.13561199086609,0.0,-0.16811962294757032,3167.287109375
3147.859568015624,3170.176236181223,3145.866999671073,3167.287109375,1922875.0,2025-07-23,3158.021617926148,3312.1652709960936,3382.0046435546874,18.67420817466028,-67.60518345641458,-48.81473710984967,3530.3571808126803,3093.973361179507,3147.859619140625,3146.464599609375,3178.046875,3197.275146484375,3221.08642578125,3229.256103515625,3199.865478515625,0.006171650767475612,-0.016702226918112406,21.365917100676665,19.427541359375937,-0.39873253459310654,3136.302734375
3153.339291883696,3161.9071902624382,3128.332460590057,3136.302734375,2934778.0,2025-07-24,3145.1198254262476,3297.960803222656,3374.8804345703124,18.247811295809626,-70.26171305205662,-53.10413229829106,3523.356768041571,3072.5648384037413,3167.287109375,3147.859619140625,3146.464599609375,3178.046875,3197.275146484375,3221.08642578125,3229.256103515625,-0.009782622771484117,-0.019070117307989132,16.995386612107623,-17.036557508696205,0.5262448157056492,3124.14794921875
3128.3322940864455,3145.169399267611,3113.985899330507,3124.14794921875,2568917.0,2025-07-25,3129.577649299059,3283.2975341796873,3366.899013671875,13.50368461966741,-72.51194886678104,-56.98569561198906,3514.0663373291336,3052.528731030241,3136.302734375,3167.287109375,3147.859619140625,3146.464599609375,3178.046875,3197.275146484375,3221.08642578125,-0.003875514000300173,-0.016959764251825216,15.935509201511659,-4.184344867695472,-0.12466394391671198,3067.85791015625
3098.443785696339,3106.4140591000596,3058.4926929668136,3067.85791015625,3374473.0,2025-07-28,3082.4533760334366,3265.8545043945314,3358.157900390625,11.952805500523326,-77.93898062556218,-61.17635261470369,3506.680072438281,3025.028936350782,3124.14794921875,3136.302734375,3167.287109375,3147.859619140625,3146.464599609375,3178.046875,3197.275146484375,-0.0180177251453717,-0.024982543729519135,37.5377751377156,-30.58587554008909,0.3135780564338979,3044.64453125
3048.629668071008,3062.577646944535,3029.8994763655814,3044.64453125,4785312.0,2025-07-29,3046.238561655058,3246.2132202148437,3349.7890576171876,11.468187632358706,-83.15451458720781,-65.57198500920451,3492.127981580452,3000.2984588492354,3067.85791015625,3124.14794921875,3136.302734375,3167.287109375,3147.859619140625,3146.464599609375,3178.046875,-0.007566640824335891,-0.03278897421696425,50.5026079281091,-3.985136821007927,0.4180916546079936,3042.25341796875
3048.6295393197033,3057.5960967882907,3035.877053384358,3042.25341796875,2880121.0,2025-07-30,3046.7365750863246,3228.0559326171874,3341.7759033203124,12.01279586196263,-86.4838734276027,-69.75436269288416,3478.0738369500364,2978.0380282843385,3044.64453125,3067.85791015625,3124.14794921875,3136.302734375,3167.287109375,3147.859619140625,3146.464599609375,-0.0007853505579084041,-0.03947658898246298,44.427006144514195,-6.376121350953326,-0.39813307888806415,3025.515869140625
3030.3975643658264,3048.430405452322,3003.796825207198,3025.515869140625,2968371.0,2025-07-31,3026.11361532976,3209.379504394531,3332.8867041015624,11.597979419765494,-89.44196332670708,-73.69188281964874,3461.4140695832884,2957.3449392057737,3042.25341796875,3044.64453125,3067.85791015625,3124.14794921875,3136.302734375,3167.287109375,3147.859619140625,-0.005501694477279995,-0.035324034258590986,38.44699697697607,-4.881695225201383,0.030641073760442783,2991.84130859375
3018.64125499041,3025.515761579588,2988.8524561376125,2991.84130859375,2053847.0,2025-08-01,3007.1841088586,3190.136376953125,3324.2845654296875,16.279158121690998,-93.4265632248821,-77.63881890069541,3447.100934484099,2933.1718194221507,3025.515869140625,3042.25341796875,3044.64453125,3067.85791015625,3124.14794921875,3136.302734375,3167.287109375,-0.011130188041763578,-0.04234967190272976,28.179007196000697,-26.799946396659834,-0.3080895211548691,3062.97607421875
2997.9189099713494,3067.957495262713,2980.483936317478,3062.97607421875,2519252.0,2025-08-04,3024.2207157900957,3173.5067138671875,3316.3650244140626,26.25890879582151,-89.80914237473553,-80.07288359550344,3417.1986467600623,2929.8147809743127,2991.84130859375,3025.515869140625,3042.25341796875,3044.64453125,3067.85791015625,3124.14794921875,3136.302734375,0.023776249569344765,-0.0015912848901308285,26.7807781765478,65.05716424740058,0.2266015920367972,3052.51513671875
3062.9761210710876,3066.064699458969,3030.696609505827,3052.51513671875,1927996.0,2025-08-05,3048.380654482398,3156.756140136719,3307.789453125,26.088218304425467,-86.78600547077804,-81.41550797055837,3384.007525204232,2929.5047550692057,3062.97607421875,2991.84130859375,3025.515869140625,3042.25341796875,3044.64453125,3067.85791015625,3124.14794921875,-0.0034152854108298047,0.00258506547741999,27.814888658495803,-10.460984352337618,-0.23469506027979736,3021.032470703125
3051.618345400808,3055.40427380999,3014.75583192388,3021.032470703125,1487081.0,2025-08-06,3035.080052866935,3138.7044921875,3299.34400390625,25.532536516983413,-85.9398743538718,-82.32038124722106,3347.1799410435533,2930.2290433314465,3052.51513671875,3062.97607421875,2991.84130859375,3025.515869140625,3042.25341796875,3044.64453125,3067.85791015625,-0.010313680557032967,-0.00697540419883691,28.05329918003611,-30.58587469768281,-0.22869082715939248,3035.677978515625
3004.793168100796,3040.2609831608825,2999.7120213520734,3035.677978515625,2543076.0,2025-08-07,3019.986502256478,3122.497180175781,3291.2111474609374,29.980438509701443,-83.1292767091004,-82.48216033959693,3307.692127518551,2937.302232833011,3021.032470703125,3052.51513671875,3062.97607421875,2991.84130859375,3025.515869140625,3042.25341796875,3044.64453125,0.004847848526795762,0.0033588022058157474,27.9448278292843,30.88481041482919,0.7101126300450344,3025.1171875
3036.7739069952254,3048.4303832570085,3013.759645138969,3025.1171875,2762140.0,2025-08-08,3031.095014197989,3105.8511962890625,3282.8592041015627,31.86424573952678,-80.82235559596347,-82.15019939087024,3258.975634588203,2952.726757989922,3035.677978515625,3021.032470703125,3052.51513671875,3062.97607421875,2991.84130859375,3025.515869140625,3042.25341796875,-0.0034788904127402986,0.011122207187483024,17.909746391739628,-11.656719495225389,0.08614135008155488,3029.5009765625
3025.117180240026,3038.567016640599,3010.073435095005,3029.5009765625,1884215.0,2025-08-11,3024.320225867802,3097.332971191406,3275.27794921875,32.46755501164135,-77.74418231320988,-81.26899597533817,3247.3597493165908,2947.3061930662216,3025.1171875,3035.677978515625,3021.032470703125,3052.51513671875,3062.97607421875,2991.84130859375,3025.515869140625,0.0014491303281123358,-0.010928945197454132,12.301914512251393,4.383796322474154,-0.31784232515368516,3024.120849609375
3029.700138212843,3084.8941835228848,3015.652434227984,3024.120849609375,3358232.0,2025-08-12,3050.2733088754344,3087.076208496094,3267.8567822265627,27.87190960527022,-74.87571841770387,-79.99034046381131,3226.824433619188,2947.327983373,3029.5009765625,3025.1171875,3035.677978515625,3021.032470703125,3052.51513671875,3062.97607421875,2991.84130859375,-0.001775911938879715,-0.009301931632646032,5.678197057534885,-5.57928860346783,0.7822976677290012,3024.91796875
3024.8184862723915,3033.087450352522,3017.3463549468943,3024.91796875,2148166.0,2025-08-13,3025.216902649708,3077.267785644531,3261.3294384765627,31.012264168219048,-71.71147402775387,-78.33456717659982,3204.378384626038,2950.1571866630243,3024.120849609375,3029.5009765625,3025.1171875,3035.677978515625,3021.032470703125,3052.51513671875,3062.97607421875,0.00026358706555251743,0.0012861490515427842,4.846987766277804,0.09948247760848972,-0.36032829179163317,3011.06982421875
3022.726300858826,3044.544827820162,3007.881763385299,3011.06982421875,3342174.0,2025-08-14,3026.213295602731,3067.95751953125,3254.4119384765627,30.834247824669248,-69.51983569022605,-76.57162087932507,3184.9307761356285,2950.9842629268715,3024.91796875,3024.120849609375,3029.5009765625,3025.1171875,3035.677978515625,3021.032470703125,3052.51513671875,-0.004578023164367839,-0.00810631248473459,6.964091010287454,-11.656476640076107,0.5558266912333591,3000.010986328125
3035.179867843642,3037.67057838676,2992.2399207869066,3000.010986328125,2945609.0,2025-08-18,3014.9552495868334,3059.0557250976562,3247.4678759765625,36.418081139332685,-67.89267778525891,-74.83583226051184,3167.543177117209,2950.5682730781036,3011.06982421875,3024.91796875,3024.120849609375,3029.5009765625,3025.1171875,3035.677978515625,3021.032470703125,-0.003672727148894439,-0.008299249125163,12.136707900636747,-35.168881515517114,-0.11865480372954851,3004.992431640625
3000.0110105142285,3013.7597814697733,2999.911528031773,3004.992431640625,2650784.0,2025-08-19,3006.835654750773,3051.9821166992188,3240.3632958984376,41.437213260127564,-65.4467529882304,-72.95801640605555,3154.7716964061715,2949.192536992266,3000.010986328125,3011.06982421875,3024.91796875,3024.120849609375,3029.5009765625,3025.1171875,3035.677978515625,0.0016604756899898376,-0.008089961056782391,11.205690177223998,4.981421126396526,-0.10008965887869026,3087.086181640625
2999.7118666132724,3091.868151000454,2999.7118666132724,3087.086181640625,4952358.0,2025-08-20,3045.790008806863,3048.9434448242187,3234.15193359375,57.202282013650354,-56.23580902488038,-69.61357492982052,3143.023134923184,2954.8637547252533,3004.992431640625,3000.010986328125,3011.06982421875,3024.91796875,3024.120849609375,3029.5009765625,3025.1171875,0.027319120386329665,0.020821036976542473,35.607618581096304,87.37431502735262,0.868261616186004,3091.071533203125
3118.3696236696637,3118.3696236696637,3071.643990819241,3091.071533203125,3230726.0,2025-08-21,3095.0068072444524,3045.132666015625,3227.2060888671876,60.98129732718472,-48.06047378336825,-65.30295470053007,3123.968011564233,2966.297320467017,3087.086181640625,3004.992431640625,3000.010986328125,3011.06982421875,3024.91796875,3024.120849609375,3029.5009765625,0.0012909751552132587,0.021869539979777253,46.04443441252274,-27.298090466538724,-0.3476388419415559,3042.65185546875
3074.5329489117757,3084.1968567150047,3038.666718788372,3042.65185546875,1593791.0,2025-08-22,3061.4317877516883,3040.4501220703123,3219.113125,58.11066545492525,-44.97013728767979,-61.23639121796001,3106.5870682099558,2974.313175930669,3091.071533203125,3087.086181640625,3004.992431640625,3000.010986328125,3011.06982421875,3024.91796875,3024.120849609375,-0.015664366616647052,0.010488641278252109,43.37001074107261,-31.881093443025748,-0.5066771369654994,3128.93017578125
3075.8281806328096,3140.2877180773667,3065.666130699425,3128.93017578125,3448370.0,2025-08-25,3102.9769243883957,3040.6892333984374,3213.4943896484374,60.04245258470071,-35.153852232935606,-56.01988342095513,3108.122170006435,2973.2562967904396,3042.65185546875,3091.071533203125,3087.086181640625,3004.992431640625,3000.010986328125,3011.06982421875,3024.91796875,0.02835629063424605,0.04297290577956048,47.90130213333137,53.10199514844044,1.1636274768774575,3145.468505859375
3117.373339366996,3150.2507187850565,3108.4067813438887,3145.468505859375,5522097.0,2025-08-26,3129.328750064473,3044.5697631835938,3207.978046875,63.896291981374134,-25.74311992189905,-49.964530721143916,3126.0541409894035,2963.085385377784,3128.93017578125,3042.65185546875,3091.071533203125,3087.086181640625,3004.992431640625,3000.010986328125,3011.06982421875,0.00528561813431816,0.04674756340136765,40.109356237317,28.09516649237912,0.6013644127515319,3082.204345703125
3133.313773226287,3134.808199509225,3075.0311481917124,3082.204345703125,3116051.0,2025-08-28,3104.919673850469,3046.44775390625,3200.191591796875,58.35144323711752,-23.123383794127676,-44.59630133574067,3129.652526547029,2963.242981265471,3145.468505859375,3128.93017578125,3042.65185546875,3091.071533203125,3087.086181640625,3004.992431640625,3000.010986328125,-0.020112794020477942,-0.0015813733890984727,40.53034962460648,-51.10942752316214,-0.4357123752081863,3073.23779296875
3081.507000394383,3103.425252579535,3065.7656615419933,3073.23779296875,2271789.0,2025-08-29,3084.595457060764,3047.99697265625,3191.84849609375,55.20859078071475,-21.522650193697245,-39.98157110733199,3132.022688729585,2963.971256582915,3082.204345703125,3145.468505859375,3128.93017578125,3042.65185546875,3091.071533203125,3087.086181640625,3004.992431640625,-0.0029091363610836973,-0.0057694362756771644,42.05567808541852,-8.269207425632885,-0.2709397246707451,3101.0341796875
3078.518060334719,3119.4654366830314,3078.518060334719,3101.0341796875,1246862.0,2025-09-01,3098.9917485088754,3051.7728881835938,3185.3302783203126,60.04745915178398,-17.805866236380552,-35.546430133141705,3138.295071674032,2965.2507046931555,3073.23779296875,3082.204345703125,3145.468505859375,3128.93017578125,3042.65185546875,3091.071533203125,3087.086181640625,0.009044658627570312,0.019187973843874273,30.60905721956081,22.51611935278106,-0.4511541344728758,3099.938232421875
3109.5026578628494,3143.2765943406766,3091.569542586104,3099.938232421875,2185229.0,2025-09-02,3117.4230684633903,3057.177734375,3179.3342529296874,59.40406879148144,-14.778366151565479,-31.39281733682646,3141.4114668693674,2972.9440018806326,3101.0341796875,3073.23779296875,3082.204345703125,3145.468505859375,3128.93017578125,3042.65185546875,3091.071533203125,-0.0003534134750283746,-0.009265768723054402,27.841741255346797,-9.564425440974446,0.7525828840721749,3085.990234375
3118.2697443758125,3130.2251544847713,3076.5255347054076,3085.990234375,1799774.0,2025-09-03,3103.3753445950897,3058.3284423828127,3172.8269287109374,58.075424632408,-13.35063953442068,-27.784381776345306,3143.5190458430307,2973.1378389225947,3099.938232421875,3101.0341796875,3073.23779296875,3082.204345703125,3145.468505859375,3128.93017578125,3042.65185546875,-0.004499443860201624,-0.018909193137231828,11.903845578057364,-32.27951000081248,-0.17639112422542447,3084.197021484375
3104.421639864457,3106.414208311097,3079.3153260834893,3084.197021484375,1481391.0,2025-09-04,3092.864767197293,3059.9125366210938,3167.1197705078125,57.71725774452799,-12.222954585944535,-24.672096338265153,3145.823183753634,2974.0018894885534,3085.990234375,3099.938232421875,3101.0341796875,3073.23779296875,3082.204345703125,3145.468505859375,3128.93017578125,-0.0005810818422723463,0.0006465099512393824,11.672277635883024,-20.22461838008212,-0.17690165543007064,3036.97314453125
3085.5918616420554,3091.868257451282,3017.3463946381216,3036.97314453125,2802055.0,2025-09-05,3054.607326044702,3060.7095703125,3160.5316845703123,53.10261134017605,-14.967294687120557,-22.731136008036234,3145.3883908305243,2976.030749794476,3084.197021484375,3085.990234375,3099.938232421875,3101.0341796875,3073.23779296875,3082.204345703125,3145.468505859375,-0.015311562985167781,-0.011800143978597966,26.132113807244405,-48.61871711080539,0.8915026485242585,3007.781982421875
3038.666792443431,3053.5113296442846,3004.7931298391436,3007.781982421875,2626187.0,2025-09-08,3029.152229741714,3059.3147705078127,3152.279482421875,50.89203641010694,-19.27549094962069,-22.040006996353128,3146.6082587832775,2972.021282232348,3036.97314453125,3084.197021484375,3085.990234375,3099.938232421875,3101.0341796875,3073.23779296875,3082.204345703125,-0.009611926322740216,-0.030071321972666043,38.95099944540495,-30.88481002155595,-0.06276393575429462,3038.06884765625
3020.833326119296,3048.6295571410296,3019.538108052908,3038.06884765625,2489301.0,2025-09-09,3034.083832596969,3059.962353515625,3144.6925927734374,53.588385455651135,-20.015148447701904,-21.635035286622884,3146.3753818728514,2973.549325158399,3007.781982421875,3036.97314453125,3084.197021484375,3085.990234375,3099.938232421875,3101.0341796875,3073.23779296875,0.010069501516857926,-0.019958263722335112,33.754007594889096,17.23552153695391,-0.05212347787876492,3098.44384765625
3045.0429174900823,3111.0966082909868,3042.0540649039185,3098.44384765625,2079428.0,2025-09-10,3076.5753365974524,3063.4094970703127,3138.327099609375,51.293104167141514,-15.55032000947267,-20.41809223119284,3150.205723538796,2976.6132706018293,3038.06884765625,3007.781982421875,3036.97314453125,3084.197021484375,3085.990234375,3099.938232421875,3101.0341796875,0.019872821528247098,0.004035532304194733,37.292166548695754,53.400930166167655,-0.1646538526277055,3112.591064453125
3127.336119333051,3127.336119333051,3098.5436031034214,3112.591064453125,2263446.0,2025-09-11,3112.9398612182363,3067.8330078125,3131.8295166015623,52.39465256564484,-10.74647051983311,-18.483767888920895,3155.2140947926982,2980.4519208323018,3098.44384765625,3038.06884765625,3007.781982421875,3036.97314453125,3084.197021484375,3085.990234375,3099.938232421875,0.004565910338370838,0.009206299977257748,44.64901931777412,-14.745054879926101,0.08849452830297566,3121.7568359375
3132.3175458217547,3137.0000329464906,3109.4030090679694,3121.7568359375,1447167.0,2025-09-12,3123.20152100723,3072.674951171875,3126.156669921875,59.64528324353287,-6.129131222702654,-16.012840555677247,3160.772503047479,2984.577399296271,3112.591064453125,3098.44384765625,3038.06884765625,3007.781982421875,3036.97314453125,3084.197021484375,3085.990234375,0.002944740023529402,0.02791716863184046,50.07100471337115,-10.56070988425472,-0.3606355088656853,3100.336669921875
3122.3546477883615,3122.3546477883615,3084.4958486128803,3100.336669921875,1732539.0,2025-09-15,3103.425248200621,3077.138293457031,3120.1825146484375,45.85856628507537,-4.1504412421782035,-13.640360692977438,3161.039424621803,2993.237162292259,3121.7568359375,3112.591064453125,3098.44384765625,3038.06884765625,3007.781982421875,3036.97314453125,3084.197021484375,-0.006861574152425054,0.03077174078470768,32.802354717141306,-22.01797786648649,0.1971935512625702,3134.01123046875
3116.377048374956,3138.2953012727335,3097.5473738607,3134.01123046875,2573429.0,2025-09-16,3117.921337566717,3083.8383056640623,3115.328662109375,48.4190270593681,0.13340264649832534,-10.885608025082286,3163.078454032443,3004.5981572956816,3100.336669921875,3121.7568359375,3112.591064453125,3098.44384765625,3038.06884765625,3007.781982421875,3036.97314453125,0.010861581864179737,0.03158005549693699,14.913476207472828,17.634182093794152,0.4853512677059506,3161.010498046875
3140.287738435889,3170.5746802441777,3130.7233130051436,3161.010498046875,2418271.0,2025-09-17,3150.648996624661,3091.639208984375,3110.6374853515626,62.08372016411609,5.641958062416961,-7.580094807582437,3168.890744636966,3014.387673331784,3134.01123046875,3100.336669921875,3121.7568359375,3112.591064453125,3098.44384765625,3038.06884765625,3007.781982421875,0.008614923684905573,0.020192926987510962,23.164131968942048,20.72275961098603,-0.06029231814827607,3164.89599609375
3173.1652036699406,3191.0983194206656,3149.652799058944,3164.89599609375,2633138.0,2025-09-18,3170.3755592398047,3095.5296997070313,3106.184873046875,64.27684837864724,10.203436274498472,-4.023388591166256,3179.371853784397,3011.6875456296657,3161.010498046875,3134.01123046875,3100.336669921875,3121.7568359375,3112.591064453125,3098.44384765625,3038.06884765625,0.0012291949201927999,0.016804305659669172,27.103462104609473,-8.269207576190638,0.08885149761958022,3157.423828125
3158.220904129198,3168.681888196503,3132.3175150101574,3157.423828125,4901694.0,2025-09-19,3150.4997016033303,3098.847314453125,3101.692041015625,59.37706036148687,13.06489513518045,-0.6057318458969151,3187.082686085277,3010.6119428209727,3164.89599609375,3161.010498046875,3134.01123046875,3100.336669921875,3121.7568359375,3112.591064453125,3098.44384765625,-0.002360952138071082,0.011425294813773856,26.97861485665616,-0.7970760041980611,0.8615408687277308,3062.37841796875
3083.499594330073,3095.355278998739,3053.6110683753386,3062.37841796875,3634901.0,2025-09-22,3074.4831736870387,3099.833642578125,3095.743125,45.24111341458812,7.5759211231343215,1.0305987479093321,3185.8368588833114,3013.8304262729384,3157.423828125,3164.89599609375,3161.010498046875,3134.01123046875,3100.336669921875,3121.7568359375,3112.591064453125,-0.030102202089445695,-0.012243267746170794,42.84728951778424,-21.121176361322796,-0.2584398373297069,3051.0205078125
3058.592364705798,3069.252556548476,3040.6592498638747,3051.0205078125,3177741.0,2025-09-23,3054.955903206175,3095.9381591796873,3089.6027978515626,45.54000901737963,2.2830635100849577,1.2810917003444573,3183.4370263405112,3008.4392920188634,3062.37841796875,3157.423828125,3164.89599609375,3161.010498046875,3134.01123046875,3100.336669921875,3121.7568359375,-0.003708852599537238,-0.026480671750444662,57.3897460819306,-7.571856893297991,-0.12576958767240154,3024.120849609375
3038.666695675492,3045.640684813108,3021.7298649127106,3024.120849609375,1625714.0,2025-09-24,3033.685274862909,3089.8707763671873,3086.0879052734376,42.79911788667372,-4.035621752924271,0.21774900969071156,3179.7062445255706,3000.035308208804,3051.0205078125,3062.37841796875,3157.423828125,3164.89599609375,3161.010498046875,3134.01123046875,3100.336669921875,-0.0088166100929985,-0.043305660807542834,64.72718584007983,-14.545846066117065,-0.4884057574232765,2946.41064453125
3010.770697840675,3018.3425546653493,2940.03452327195,2946.41064453125,4974361.0,2025-09-25,2979.1885389686495,3083.081091308594,3080.43099609375,39.884242998075806,-15.13927332700814,-2.8536554576490594,3193.519921879358,2972.6422607378295,3024.120849609375,3051.0205078125,3062.37841796875,3157.423828125,3164.89599609375,3161.010498046875,3134.01123046875,-0.02569679220596055,-0.06903397515500165,75.95999062440458,-64.36005330942498,2.059800801370967,2888.32763671875
2930.07184762513,2943.820618304199,2880.5565712711505,2888.32763671875,3934636.0,2025-09-26,2912.1885947876744,3073.835583496094,3073.7758203125,37.466038403821635,-28.299590444714795,-7.942842455062206,3214.553234297063,2933.1179326951246,2946.41064453125,3024.120849609375,3051.0205078125,3062.37841796875,3157.423828125,3164.89599609375,3161.010498046875,-0.019713140773607418,-0.0852265030146585,74.6066137948105,-41.744210906379976,-0.2090167963282118,2885.338623046875
2905.164580331207,2918.4152081680195,2883.2463290392707,2885.338623046875,3110035.0,2025-09-29,2900.830768603645,3063.0508056640624,3067.53708984375,33.00069292536787,-38.52631759116184,-14.059537482282133,3226.2568644583735,2899.8447468697514,2888.32763671875,2946.41064453125,3024.120849609375,3051.0205078125,3062.37841796875,3157.423828125,3164.89599609375,-0.0010348596308383806,-0.05781120774724635,76.3013149326201,-19.825957284332162,-0.20957491366418646,2877.667236328125
2900.183356935398,2904.467427717032,2874.379692997371,2877.667236328125,2253458.0,2025-09-30,2889.4235603572015,3051.937255859375,3061.5294970703126,22.160808939562884,-46.7116267735928,-20.589955340544265,3233.7747770124847,2870.0997347062653,2885.338623046875,2888.32763671875,2946.41064453125,3024.120849609375,3051.0205078125,3062.37841796875,3157.423828125,-0.002658747454275967,-0.056818127259545936,62.12823520056961,-22.516120607273024,-0.2754235884805155,2903.371337890625
2880.257593329001,2913.932047598146,2855.9483563860495,2903.371337890625,1952902.0,2025-10-01,2884.9402019920976,3042.8063110351563,3056.6676318359373,24.365236244591642,-50.54182242693787,-26.580328757822986,3235.4625049685137,2850.150117101799,2877.667236328125,2885.338623046875,2888.32763671875,2946.41064453125,3024.120849609375,3051.0205078125,3062.37841796875,0.008932270291021727,-0.039928798392546816,27.45458685934823,23.113744561624117,-0.13337546118010635,2891.116943359375
2913.134920868619,2913.134920868619,2880.3572688813597,2891.116943359375,2899519.0,2025-10-03,2896.7460948749895,3033.152307128906,3051.5327783203124,21.952997941381327,-53.944271321061024,-32.053117270470594,3236.148506504873,2830.1561077529395,2903.371337890625,2877.667236328125,2885.338623046875,2888.32763671875,2946.41064453125,3024.120849609375,3051.0205078125,-0.004220746540865572,-0.01876646124480441,9.396422515646943,-22.017977509243792,0.4847232477615364,2977.295654296875
2891.2167953135195,2982.476526807699,2884.840673623438,2977.295654296875,2112774.0,2025-10-06,2933.658600215568,3030.1684326171876,3047.73294921875,37.0734947855483,-49.120603099834625,-35.466614436343406,3234.676940889697,2825.659924344678,2891.116943359375,2903.371337890625,2877.667236328125,2885.338623046875,2888.32763671875,2946.41064453125,3024.120849609375,0.029808102759538713,0.030802605787200843,40.42442061699699,86.07885898335553,-0.271336383724335,2962.650146484375
2983.87104765697,2993.335747140356,2944.517823489207,2962.650146484375,3062943.0,2025-10-07,2968.9267853147812,3027.9118408203126,3044.2598974609373,31.247264817010574,-45.94989952579863,-37.56327145423445,3234.446374173115,2821.37730746751,2977.295654296875,2891.116943359375,2903.371337890625,2877.667236328125,2885.338623046875,2888.32763671875,2946.41064453125,-0.004919063980550087,0.026794610109180272,44.652393160363786,-21.22090117259495,0.4497258107114155,3015.951416015625
2963.9454305531126,3031.692754680041,2956.9714413047523,3015.951416015625,4121889.0,2025-10-08,2994.3320979923965,3026.8059692382812,3042.095966796875,34.98969270101759,-38.69013135531986,-37.78864343445154,3233.3483654998613,2820.263572976701,2962.650146484375,2977.295654296875,2891.116943359375,2903.371337890625,2877.667236328125,2885.338623046875,2888.32763671875,0.017991077884947027,0.04805426351656594,52.19215695806499,52.0059854625124,0.3457282750609463,3050.3232421875
3022.726218895035,3054.6073128319636,3008.7782402976286,3050.3232421875,3211304.0,2025-10-09,3031.692776564796,3024.399938964844,3041.7452734375,38.84794672375017,-29.819453562968192,-36.19480546015487,3228.5356852211626,2820.264192708525,3015.951416015625,2962.650146484375,2977.295654296875,2891.116943359375,2903.371337890625,2877.667236328125,2885.338623046875,0.011396677675028277,0.05061422987100217,60.093621709193634,27.59702329246511,-0.22091448847846218,2996.02587890625
3015.7523552483212,3024.220771178156,2987.059320862895,2996.02587890625,2866865.0,2025-10-13,3005.640046020526,3018.5716796875,3040.772900390625,35.602574734912764,-26.8610830921034,-34.32806098654458,3218.72278277475,2818.4205766002497,3050.3232421875,3015.951416015625,2962.650146484375,2977.295654296875,2891.116943359375,2903.371337890625,2877.667236328125,-0.017800527672048094,0.03628664547376448,34.322586150721996,-19.726476342071237,-0.10725829756385563,2949.300048828125
3009.774448720779,3015.9513618688843,2944.5178362112756,2949.300048828125,3611416.0,2025-10-14,2980.23459904008,3009.948840332031,3038.9138330078126,38.9612909099489,-27.964578905012786,-33.05536457023822,3206.204055224343,2813.693625439719,2996.02587890625,3050.3232421875,3015.951416015625,2962.650146484375,2977.295654296875,2891.116943359375,2903.371337890625,-0.015595936739766447,-0.009403031717171384,40.72947847057528,-60.47439989265422,0.25970912477566954,2969.800048828125
2971.0,2979.699951171875,2951.0,2969.800048828125,4282226.0,2025-10-15,2965.3499755859375,3003.422009277344,3037.7995166015626,42.21029822836904,-26.875128856380343,-31.819317427466643,3195.661714233621,2811.182304321067,2949.300048828125,2996.02587890625,3050.3232421875,3015.951416015625,2962.650146484375,2977.295654296875,2891.116943359375,0.006950801770116755,0.0024133468314624373,39.4208220291728,-1.199951171875,0.18574708646137683,2970.699951171875
2969.89990234375,2975.0,2943.10009765625,2970.699951171875,3251495.0,2025-10-16,2959.050048828125,2995.2564453125,3037.376689453125,44.60757205199711,-25.64351476970114,-30.584156895913544,3177.7682499579523,2812.744640667048,2969.800048828125,2949.300048828125,2996.02587890625,3050.3232421875,3015.951416015625,2962.650146484375,2977.295654296875,0.00030301782239683384,-0.015004043037116221,38.967459512204066,0.800048828125,-0.24069981360161752,2962.199951171875
2970.0,2988.800048828125,2955.39990234375,2962.199951171875,4374683.0,2025-10-17,2972.0999755859375,2985.31591796875,3035.3611669921875,51.8526730594816,-25.064403849713926,-29.480206286673624,3150.6654352411506,2819.9664006963494,2970.699951171875,2969.800048828125,2949.300048828125,2996.02587890625,3050.3232421875,3015.951416015625,2962.650146484375,-0.002861278533581646,-0.0288898205268332,17.076486716955845,-7.800048828125,0.3454374064853245,3015.199951171875
2985.5,3023.0,2978.5,3015.199951171875,3133039.0,2025-10-20,3000.75,2977.8311157226562,3034.61486328125,65.06656414877388,-20.097130008131444,-27.60359103096519,3121.0209450316925,2834.64128641362,2962.199951171875,2970.699951171875,2969.800048828125,2949.300048828125,2996.02587890625,3050.3232421875,3015.951416015625,0.017892107512537336,0.006399835328733783,24.868285899063135,29.699951171875,-0.28382490799904814,3006.699951171875
3031.10009765625,3031.800048828125,2996.0,3006.699951171875,310644.0,2025-10-21,3013.9000244140625,2970.294921875,3034.328212890625,64.2259107689666,-16.654426798821987,-25.41375818453655,3087.125692192215,2853.464151557785,3015.199951171875,2962.199951171875,2970.699951171875,2969.800048828125,2949.300048828125,2996.02587890625,3050.3232421875,-0.00281905019157902,0.019462211844657018,24.17780514688324,-24.400146484375,-0.9008489840056252,3073.199951171875
3055.0,3098.0,3036.10009765625,3073.199951171875,5564758.0,2025-10-23,3067.050048828125,2970.8359985351562,3035.07865234375,70.14227568668164,-8.462514862197168,-22.023509520068675,3089.5475079882845,2852.124489082028,3006.699951171875,3015.199951171875,2962.199951171875,2970.699951171875,2969.800048828125,2949.300048828125,2996.02587890625,0.02211727178632561,0.034817125949119454,44.058767572413956,18.199951171875,16.913618160981702,3063.199951171875
3080.0,3090.0,3058.300048828125,3063.199951171875,2684318.0,2025-10-24,3074.1500244140625,2971.444970703125,3035.8403076171876,67.01481660141346,-2.745632121397648,-18.16793404033447,3091.99907215545,2850.8908692508,3073.199951171875,3006.699951171875,3015.199951171875,2962.199951171875,2970.699951171875,2969.800048828125,2949.300048828125,-0.003253937315789268,0.03113744286544695,45.147535923901685,-16.800048828125,-0.5176217905612428,3084.89990234375
3066.5,3094.199951171875,3060.199951171875,3084.89990234375,1946312.0,2025-10-27,3077.199951171875,2974.483923339844,3036.9482861328124,70.22278477658591,3.495746553867775,-13.835197921494022,3103.403076033233,2845.5647706464547,3063.199951171875,3073.199951171875,3006.699951171875,3015.199951171875,2962.199951171875,2970.699951171875,2969.800048828125,0.007084079236673091,0.04142190034245785,35.380674311643126,18.39990234375,-0.27493240368689553,3057.89990234375
3076.0,3090.199951171875,3040.199951171875,3057.89990234375,3470737.0,2025-10-28,3065.199951171875,2980.058386230469,3037.6238671875,59.59707711439171,6.19203188002848,-9.82975196118952,3113.431094330225,2846.685678130713,3084.89990234375,3063.199951171875,3073.199951171875,3006.699951171875,3015.199951171875,2962.199951171875,2970.699951171875,-0.008752309914330403,0.014161565356645589,30.041742720168102,-18.10009765625,0.7832377337240894,3057.60009765625
3057.89990234375,3076.0,3046.10009765625,3057.60009765625,2895420.0,2025-10-29,3061.050048828125,2988.522009277344,3038.277509765625,61.70499259324357,8.210025629100073,-6.221796443131602,3118.8332600063204,2858.2107585483673,3057.89990234375,3084.89990234375,3063.199951171875,3073.199951171875,3006.699951171875,3015.199951171875,2962.199951171875,-9.804267538982003e-05,0.01692890787607082,11.659849394269974,-0.2998046875,-0.1657621997863854,3035.300048828125
3049.10009765625,3063.800048828125,3032.800048828125,3035.300048828125,2241536.0,2025-10-30,3048.300048828125,2996.0200805664062,3038.7621142578123,52.582608808999304,7.918592043033641,-3.393718745898554,3118.3456230600455,2873.694538072767,3057.60009765625,3057.89990234375,3084.89990234375,3063.199951171875,3073.199951171875,3006.699951171875,3015.199951171875,-0.007293317672647515,-0.012332390650109826,17.679510107595846,-13.800048828125,-0.2258339031988451,3058.0
3035.0,3067.39990234375,3025.10009765625,3058.0,1868085.0,2025-10-31,3046.25,3005.03671875,3039.92189453125,51.057629435491464,9.41084283640157,-0.8328064294385289,3116.7552810640886,2893.3181564359115,3035.300048828125,3057.60009765625,3057.89990234375,3084.89990234375,3063.199951171875,3073.199951171875,3006.699951171875,0.0074786514699392015,-0.001697555254231986,17.580703505543067,23.0,-0.16660495303220646,3016.800048828125
3046.89990234375,3058.0,3010.0,3016.800048828125,2194877.0,2025-11-03,3034.0,3010.708154296875,3040.158046875,52.9692194418952,7.186133332179452,0.7709815228850672,3111.6971054197325,2909.7192031740174,3058.0,3035.300048828125,3057.60009765625,3057.89990234375,3084.89990234375,3063.199951171875,3073.199951171875,-0.013472842109834904,-0.022075223077379635,18.59720554827254,-30.099853515625,0.1749342240850924,2990.199951171875
3019.60009765625,3029.300048828125,2976.0,2990.199951171875,2670720.0,2025-11-04,3002.6500244140625,3015.6623046875,3038.220322265625,56.20259913362212,3.2392889408270094,1.2646430064734557,3100.3559392240627,2930.9686701509377,3016.800048828125,3058.0,3035.300048828125,3057.60009765625,3057.89990234375,3084.89990234375,3063.199951171875,-0.008817322071637768,-0.022139361435600247,28.808228177819014,-29.400146484375,0.2167971143713292,2990.199951171875
2990.199951171875,2990.199951171875,2990.199951171875,2990.199951171875,0.0,2025-11-05,2990.199951171875,3016.30751953125,3036.202890625,53.298823038937776,0.11011696537025273,1.033737798252815,3099.960702391736,2932.6543366707638,2990.199951171875,3016.800048828125,3058.0,3035.300048828125,3057.60009765625,3057.89990234375,3084.89990234375,0.0,-0.022043479961960877,29.352883171686297,0.0,-1.0,3010.89990234375
2990.10009765625,3024.0,2990.0,3010.89990234375,2542721.0,2025-11-06,3007.0,3018.720007324219,3035.5678515625,56.10941960532301,-0.691490237762082,0.6886921910498357,3098.553436487839,2938.8865781605987,2990.199951171875,2990.199951171875,3016.800048828125,3058.0,3035.300048828125,3057.60009765625,3057.89990234375,0.006922597655639295,-0.008038792241905512,27.763705168981488,20.7998046875,inf,2991.800048828125
3001.0,3004.0,2960.5,2991.800048828125,1830520.0,2025-11-07,2982.25,3017.5124389648436,3032.8252490234377,54.35808770668584,-2.835284876930018,-0.016103222546135047,3098.247734315376,2936.777143614311,3010.89990234375,2990.199951171875,2990.199951171875,3016.800048828125,3058.0,3035.300048828125,3057.60009765625,-0.006343569741643407,-0.021648120069285515,12.848819217256022,-9.199951171875,-0.2800940409899474,3025.199951171875
2993.0,3047.89990234375,2992.0,3025.199951171875,1556656.0,2025-11-10,3019.949951171875,3016.2562744140623,3030.4198779296876,51.56250238418943,-1.818205448549179,-0.3765236677467439,3095.612078958961,2936.9004698691638,2991.800048828125,3010.89990234375,2990.199951171875,2990.199951171875,3016.800048828125,3058.0,3035.300048828125,0.011163815027288582,0.0027843749031404297,15.806558542947005,32.199951171875,-0.14960994690033436,3047.0
3045.0,3055.699951171875,3018.0,3047.0,2806868.0,2025-11-11,3036.8499755859375,3018.80498046875,3029.715791015625,56.04561985650402,0.7384071776223209,-0.15353749867293093,3098.6975034777543,2938.9124574597454,3025.199951171875,2991.800048828125,3010.89990234375,2990.199951171875,2990.199951171875,3016.800048828125,3058.0,0.0072061513883339146,0.01899540156365287,23.86696137378912,2.0,0.8031395504209022,3131.800048828125
3060.0,3136.39990234375,3057.10009765625,3131.800048828125,4460315.0,2025-11-12,3096.75,3027.92998046875,3030.8870361328127,58.33335647903832,9.497712621138817,1.7767125252894187,3115.6976280349622,2940.1623329025374,3047.0,3025.199951171875,2991.800048828125,3010.89990234375,2990.199951171875,2990.199951171875,3016.800048828125,0.027830669126394758,0.04735472542588881,54.44346498339892,71.800048828125,0.5890718765542233,3105.699951171875
3131.800048828125,3131.89990234375,3102.0,3105.699951171875,1740435.0,2025-11-13,3116.949951171875,3034.7249755859375,3030.9803515625,55.77917240445177,14.17012120264144,4.255394260759823,3124.5618453168436,2944.8881058550314,3131.800048828125,3047.0,3025.199951171875,2991.800048828125,3010.89990234375,2990.199951171875,2990.199951171875,-0.008333896560866472,0.031485619549932675,57.60763683557698,-26.10009765625,-0.6097954965064127,3106.0
3090.0,3113.10009765625,3077.300048828125,3106.0,2210794.0,2025-11-14,3095.2000732421875,3041.4899780273436,3031.1015869140624,53.04650729954796,17.69329283309753,6.942973975227365,3131.403703011893,2951.576253042794,3105.699951171875,3131.800048828125,3047.0,3025.199951171875,2991.800048828125,3010.89990234375,2990.199951171875,9.661230409974131e-05,0.03817098379171657,44.89565738197265,16.0,0.2702537009425805,3102.199951171875
3106.0,3123.5,3086.60009765625,3102.199951171875,2232853.0,2025-11-17,3105.050048828125,3048.4899780273436,3031.42578125,56.855473369315945,19.948841721575263,9.544147524496944,3134.1085479490184,2962.8714081056687,3106.0,3105.699951171875,3131.800048828125,3047.0,3025.199951171875,2991.800048828125,3010.89990234375,-0.0012234542266983395,0.025452863031474093,31.15651694033246,-3.800048828125,0.009977863156856781,3087.10009765625
3102.0,3105.0,3078.0,3087.10009765625,2548350.0,2025-11-18,3091.5,3052.0849853515624,3031.4838427734376,54.36519806537104,20.284125707351905,11.692143161067937,3137.8559123297364,2966.3140583733884,3102.199951171875,3106.0,3105.699951171875,3131.800048828125,3047.0,3025.199951171875,2991.800048828125,-0.004867466234702578,0.01316051777362981,16.09201023679374,-14.89990234375,0.14129770298358202,3147.699951171875
3097.0,3155.0,3083.5,3147.699951171875,3151053.0,2025-11-19,3119.25,3059.1349853515626,3033.69837890625,64.93886096174089,25.149830811900756,14.383680691234503,3152.078054463937,2966.1919162391882,3087.10009765625,3102.199951171875,3106.0,3105.699951171875,3131.800048828125,3047.0,3025.199951171875,0.019630025460344758,0.00507692128994619,22.586970812668216,50.699951171875,0.23650715168638525,3144.800048828125
3148.0,3164.5,3138.10009765625,3144.800048828125,2700767.0,2025-11-20,3151.300048828125,3062.714990234375,3036.438740234375,62.17734737257443,28.444053931211783,17.195755339229958,3163.1527877891212,2962.2771926796286,3147.699951171875,3087.10009765625,3102.199951171875,3106.0,3105.699951171875,3131.800048828125,3047.0,-0.0009212766110919812,0.012589785964834288,27.146856482815362,-3.199951171875,-0.14290016702353148,3150.60009765625
3144.800048828125,3170.0,3135.199951171875,3150.60009765625,4177037.0,2025-11-21,3152.5999755859375,3067.084997558594,3038.689365234375,70.8411449519514,31.16353116560822,19.98931050450561,3174.94302874384,2959.2269663733478,3144.800048828125,3147.699951171875,3087.10009765625,3102.199951171875,3106.0,3105.699951171875,3131.800048828125,0.0018443299217978382,0.014359336012958801,29.614131371035402,5.800048828125,0.5466113885425881,3119.199951171875
3145.300048828125,3149.800048828125,3115.0,3119.199951171875,2737920.0,2025-11-25,3132.4000244140625,3068.8,3039.1044873046876,69.79743359940531,30.434180775961977,22.078284558796884,3178.9178398693903,2958.68216013061,3150.60009765625,3144.800048828125,3147.699951171875,3087.10009765625,3102.199951171875,3106.0,3105.699951171875,-0.009966401800004299,0.005479982034548803,26.989185108084392,-26.10009765625,-0.34453058471830633,3162.89990234375
3118.800048828125,3178.0,3117.0,3162.89990234375,2508527.0,2025-11-26,3147.5,3074.05,3040.1106640625,73.36942696622532,33.00196012797369,24.263019672632247,3191.731942553751,2956.368057446249,3119.199951171875,3150.60009765625,3144.800048828125,3147.699951171875,3087.10009765625,3102.199951171875,3106.0,0.014009987130019441,0.024553724301018764,16.00571646253568,44.099853515625,-0.08378367519869101,3136.60009765625
3180.0,3180.0,3125.0,3136.60009765625,2836233.0,2025-11-27,3152.5,3078.0,3040.407529296875,66.75557534196646,32.539672236353,25.918350185376397,3198.623645709335,2957.376354290665,3162.89990234375,3119.199951171875,3150.60009765625,3144.800048828125,3147.699951171875,3087.10009765625,3102.199951171875,-0.008315092320187456,-0.003526337861870399,16.311398490349795,-43.39990234375,0.1306368239209703,3137.5
3140.0,3147.300048828125,3125.0,3137.5,1616690.0,2025-11-28,3136.1500244140625,3083.109997558594,3041.1507958984375,70.41189278597624,31.878445474198998,27.11036924314092,3204.7717601058052,2961.4482350113826,3136.60009765625,3162.89990234375,3119.199951171875,3150.60009765625,3144.800048828125,3147.699951171875,3087.10009765625,0.0002869037542982955,-0.0023213077826188533,16.416233064117804,-2.5,-0.4299868875370959,3133.39990234375
3137.89990234375,3154.0,3122.199951171875,3133.39990234375,1747647.0,2025-12-01,3138.0999755859375,3086.879992675781,3041.1385693359375,66.51404144579607,30.670029873446765,27.82230136920209,3209.930544115921,2963.8294412356413,3137.5,3136.60009765625,3162.89990234375,3119.199951171875,3150.60009765625,3144.800048828125,3147.699951171875,-0.001306804033864517,-0.0054593394208599655,15.785955579607952,-4.5,0.08100316077912284,3135.699951171875
3131.0,3144.0,3120.39990234375,3135.699951171875,2512003.0,2025-12-02,3132.199951171875,3092.824987792969,3040.6323583984376,64.39467597269997,29.55722918252559,28.169286931866793,3213.0766204333213,2972.5733551526164,3133.39990234375,3137.5,3136.60009765625,3162.89990234375,3119.199951171875,3150.60009765625,3144.800048828125,0.0007340425415871543,0.0052898179848333005,12.215000304074659,4.699951171875,0.43736292283281464,3180.0
3140.0,3211.89990234375,3139.0,3180.0,3952112.0,2025-12-03,3175.449951171875,3102.314990234375,3040.9344384765627,59.00597487977709,31.882449297779658,28.911919405049368,3218.3490538901474,2986.2809265786022,3135.699951171875,3133.39990234375,3137.5,3136.60009765625,3162.89990234375,3119.199951171875,3150.60009765625,0.014127642796808226,0.005406461849639443,19.82557375000674,40.0,0.5732911147001019,3229.199951171875
3194.0,3250.0,3187.39990234375,3229.199951171875,5025905.0,2025-12-04,3218.699951171875,3114.264990234375,3042.3699609375,71.24185147299166,37.26565262346685,30.582666048732865,3230.9088521554672,2997.621128313283,3180.0,3135.699951171875,3133.39990234375,3137.5,3136.60009765625,3162.89990234375,3119.199951171875,0.015471682758451344,0.029522365182867327,41.662375247123556,35.199951171875,0.271701055030829,3238.199951171875
3230.0,3271.60009765625,3222.39990234375,3238.199951171875,5244013.0,2025-12-05,3247.0,3125.629992675781,3045.8863916015625,72.07750535943917,41.77653098264091,32.82143903551447,3244.1469446290976,3007.1130407224646,3229.199951171875,3180.0,3135.699951171875,3133.39990234375,3137.5,3136.60009765625,3162.89990234375,0.0027870680466020037,0.03209560196713146,49.7179156612232,8.199951171875,0.043396761379293824,3236.5
3243.0,3259.89990234375,3208.60009765625,3236.5,2544725.0,2025-12-08,3234.25,3137.864990234375,3049.5959814453126,72.58665444729947,44.6990004756035,35.19695132353228,3248.4686676026467,3027.2613128661033,3238.199951171875,3229.199951171875,3180.0,3135.699951171875,3133.39990234375,3137.5,3136.60009765625,-0.0005249679443851685,0.03290358743521127,45.00496874153451,-6.5,-0.5147370916128545,3208.300048828125
3230.0,3233.699951171875,3181.199951171875,3208.300048828125,2734893.0,2025-12-09,3207.449951171875,3147.0199951171876,3053.2795654296874,69.52320950891027,44.22972547802465,37.00350615443076,3248.2742119641566,3045.7657782702186,3236.5,3238.199951171875,3229.199951171875,3180.0,3135.699951171875,3133.39990234375,3137.5,-0.008713100933686047,0.023152756573254996,24.560374739117748,-21.699951171875,0.0747302753735668,3189.199951171875
3225.0,3225.0,3178.10009765625,3189.199951171875,1386849.0,2025-12-10,3201.550048828125,3154.129992675781,3058.1353515625,57.71662608247217,41.834362912151846,37.96967750597498,3245.278322917739,3062.981662433823,3208.300048828125,3236.5,3238.199951171875,3229.199951171875,3180.0,3135.699951171875,3133.39990234375,-0.005953338953825882,0.002893066406250089,21.055089908073843,-35.800048828125,-0.49290557253976663,3191.89990234375
3205.0,3208.39990234375,3153.10009765625,3191.89990234375,1914362.0,2025-12-11,3180.75,3157.1349853515626,3064.206796875,58.7643956223679,39.696290192917786,38.31500004336354,3249.142337537728,3065.127633165397,3189.199951171875,3208.300048828125,3236.5,3238.199951171875,3229.199951171875,3180.0,3135.699951171875,0.000846592002136104,-0.011550863802840317,23.563061519403018,-13.10009765625,0.38036801410968324,3220.5
3197.699951171875,3223.0,3185.699951171875,3220.5,1146554.0,2025-12-12,3204.3499755859375,3162.8749877929686,3070.9100244140627,61.989691654159515,39.85027189039374,38.622054412769586,3255.691769223974,3070.058206361963,3191.89990234375,3189.199951171875,3208.300048828125,3236.5,3238.199951171875,3229.199951171875,3180.0,0.008960211325940826,-0.005465984633058141,19.830867730498174,22.800048828125,-0.4010777480957102,3230.199951171875
3211.10009765625,3238.199951171875,3197.300048828125,3230.199951171875,1562190.0,2025-12-15,3217.75,3169.0849853515624,3077.9606787109374,70.57080807166773,40.2905639475357,38.95575631972281,3262.49707846163,3075.672892241495,3220.5,3191.89990234375,3189.199951171875,3208.300048828125,3236.5,3238.199951171875,3229.199951171875,0.003011939503764882,-0.001946562282751474,17.761129241046874,19.099853515625,0.3625088744184748,3205.10009765625
3220.0,3220.0,3191.10009765625,3205.10009765625,1734623.0,2025-12-16,3205.550048828125,3174.2299926757814,3083.99525390625,58.399730200969174,38.174102869149465,38.799425629608145,3263.368205192837,3085.0917801587257,3230.199951171875,3220.5,3191.89990234375,3189.199951171875,3208.300048828125,3236.5,3238.199951171875,-0.007770371461531034,-0.0009973977256410027,17.806109380083345,-14.89990234375,0.11037901919740878,3217.800048828125
3200.5,3236.89990234375,3200.5,3217.800048828125,1376350.0,2025-12-17,3218.699951171875,3180.764990234375,3090.528916015625,67.087542347019,37.09397587421972,38.45833567853046,3261.803391457996,3099.726589010754,3205.10009765625,3230.199951171875,3220.5,3191.89990234375,3189.199951171875,3208.300048828125,3236.5,0.0039624195141867435,0.008967796969186814,14.855145297264631,17.300048828125,-0.206542286133644,3280.800048828125
3228.0,3287.800048828125,3221.0,3280.800048828125,2307422.0,2025-12-18,3254.4000244140625,3187.4199951171877,3096.59900390625,73.9072526151237,40.85064018446883,38.936796579718134,3278.2897585858354,3096.55023164854,3217.800048828125,3205.10009765625,3230.199951171875,3220.5,3191.89990234375,3189.199951171875,3208.300048828125,0.019578593773389885,0.027851796486192182,29.308303554277447,52.800048828125,0.6764790932538962,3282.0
3299.0,3317.89990234375,3278.800048828125,3282.0,3902511.0,2025-12-19,3298.3499755859375,3194.279992675781,3102.9860009765625,75.03372564761469,43.4240839377253,39.83425405131957,3292.0552099188353,3096.504775432727,3280.800048828125,3217.800048828125,3205.10009765625,3230.199951171875,3220.5,3191.89990234375,3189.199951171875,0.00036574955925883224,0.01909641360037262,36.003343682924296,-17.0,0.6912862059909284,3324.89990234375
3310.0,3328.60009765625,3291.0,3324.89990234375,2632816.0,2025-12-22,3309.800048828125,3202.994982910156,3109.164970703125,78.03795833396649,48.36766787510351,41.54093681607636,3314.4868506664116,3091.5031151539006,3282.0,3280.800048828125,3217.800048828125,3205.10009765625,3230.199951171875,3220.5,3191.89990234375,0.013071268233927569,0.029317055477484866,49.7518896567714,14.89990234375,-0.32535334301427976,3310.0
3319.89990234375,3319.89990234375,3293.5,3310.0,2365420.0,2025-12-23,3306.699951171875,3212.5349853515627,3114.358505859375,71.10392956056204,50.501051480954175,43.33295974905192,3326.4627622350686,3098.607208468057,3324.89990234375,3282.0,3280.800048828125,3217.800048828125,3205.10009765625,3230.199951171875,3220.5,-0.004481308545032259,0.03272905654973424,41.053091340328315,-9.89990234375,-0.10156273738840849,3319.0
3304.10009765625,3327.10009765625,3296.10009765625,3319.0,1367708.0,2025-12-24,3311.60009765625,3220.339990234375,3120.81798828125,66.76628009484853,52.31494403276383,45.12935660579431,3341.1317667026083,3099.5482137661415,3310.0,3324.89990234375,3282.0,3280.800048828125,3217.800048828125,3205.10009765625,3230.199951171875,0.002719033232628343,0.031450043394936955,20.723571047855934,14.89990234375,-0.42179063337589096,3280.0
